"index","word","name","0=both block","1=msg block only","2=name block only"
"1","13点","2"
"2","2B","2"
"3","2b","2"
"4","2Ｂ","2"
"5","2ｂ","2"
"6","admin","2"
"7","asshole","2"
"8","bitch","2"
"9","BITCH","2"
"10","BLOW JOB","2"
"11","B毛","2"
"12","b毛","2"
"13","Ｂ毛","2"
"14","ｂ毛","2"
"15","Dick","2"
"16","Fag","2"
"17","falco","2"
"18","FLG","2"
"19","fuck","2"
"20","Fuck","2"
"21","FUCK","2"
"22","FUCK MY ASS HOLE","2"
"23","FUCK MY PUSSY","2"
"24","G8","2"
"25","galaxy","2"
"26","GameMaster","2"
"27","GB","2"
"28","Gｂ","2"
"29","GＢ","2"
"30","Gb","2"
"31","GM","2"
"32","Gm","2"
"33","gm","2"
"34","gy","2"
"35","GY","2"
"36","j8","2"
"37","J8","2"
"38","ｊ8","2"
"39","Ｊ8","2"
"40","jb","2"
"41","JB","2"
"42","ｊｂ","2"
"43","ｊb","2"
"44","jｂ","2"
"45","JＢ","2"
"46","ＪB","2"
"47","ＪＢ","2"
"48","sex","2"
"49","bitch","2"
"50","minghui","2"
"51","KISS MY ASS","2"
"52","NAZI","2"
"53","falun","2"
"54","Admin","2"
"55","dafa","2"
"56","PENIS","2"
"57","PUSSY","2"
"58","SB","2"
"59","Sｂ","2"
"60","SＢ","2"
"61","Sb","2"
"62","SG","2"
"63","shattered","2"
"64","shit","2"
"65","SM","2"
"66","suck","2"
"67","SUCKER","2"
"68","tactical","2"
"69","TC","2"
"70","tmd","2"
"71","TMD","2"
"72","tnnd","2"
"73","TNND","2"
"74","Master","2"
"75","Webmaster","2"
"76","阿扁","2"
"77","阿扁万岁","2"
"78","啊无卵","2"
"79","爱液","2"
"80","安拉","2"
"81","八九","2"
"82","巴子","2"
"84","膀胱","2"
"85","包皮","2"
"86","本 拉登","2"
"87","本.拉登","2"
"88","本。拉登","2"
"89","本_拉登","2"
"90","本拉登","2"
"91","本-拉登","2"
"92","笨B","2"
"93","笨b","2"
"94","笨ｂ","2"
"95","笨Ｂ","2"
"96","笨屄","2"
"97","笨逼","2"
"98","笨比","2"
"99","屄","2"
"100","逼毛","2"
"101","比的","2"
"102","比卵","2"
"103","比水","2"
"104","比样","2"
"105","鞭神","2"
"106","鞭王","2"
"107","彪精","2"
"108","彪王","2"
"109","婊子","2"
"110","宾周","2"
"111","薄一波","2"
"112","布莱尔","2"
"113","布雷尔","2"
"114","布什","2"
"115","菜比","2"
"116","操   你","2"
"117","操  你","2"
"118","操 你","2"
"119","操蛋","2"
"120","操妳","2"
"121","操妳老妈","2"
"122","操妳老母","2"
"123","操妳妈","2"
"124","操妳娘","2"
"125","操妳祖宗","2"
"126","操你大爷","2"
"127","操你家大爷","2"
"128","操你家老母","2"
"129","操你老妈","2"
"130","操你老母","2"
"131","操你妈","2"
"132","操你妈个B","2"
"133","操你妈个Ｂ","2"
"134","操你妈个ｂ","2"
"135","操你妈个b","2"
"136","操你妈个屄","2"
"137","操你娘","2"
"138","操你娘亲","2"
"139","操你全家","2"
"140","操你祖宗","2"
"141","操尚禾","2"
"142","操神","2"
"143","操死","2"
"144","操死尚禾","2"
"145","操王","2"
"146","肏","2"
"147","册老","2"
"148","册那","2"
"149","册那娘比","2"
"150","册那娘饿比","2"
"151","测试","2"
"152","插B","2"
"153","插妳","2"
"154","插你","2"
"155","插我","2"
"156","娼","2"
"157","娼妓","2"
"159","车仑女干","2"
"160","陈良宇","2"
"161","陈水扁","2"
"162","陈希同","2"
"163","陈毅","2"
"164","吃屎","2"
"165","臭鸡","2"
"166","臭西","2"
"167","处女膜","2"
"168","吹喇叭","2"
"169","蠢驴","2"
"170","蠢猪","2"
"171","戳B","2"
"172","戳比","2"
"173","戳那吗B","2"
"174","戳那吗b","2"
"175","戳那吗ｂ","2"
"176","戳那吗Ｂ","2"
"177","戳那吗比","2"
"178","错B","2"
"179","错Ｂ","2"
"180","错ｂ","2"
"181","错b","2"
"182","错比","2"
"183","错那吗B","2"
"184","错那吗b","2"
"185","错那吗Ｂ","2"
"186","错那吗ｂ","2"
"187","错那吗比","2"
"188","达赖","2"
"189","达赖喇嘛","2"
"190","打炮","2"
"191","大比","2"
"192","大法","2"
"193","大花B","2"
"194","大花b","2"
"195","大花Ｂ","2"
"196","大花ｂ","2"
"197","大花逼","2"
"198","大花比","2"
"200","大卫教","2"
"201","大血B","2"
"202","大血b","2"
"203","大血ｂ","2"
"204","大血Ｂ","2"
"205","大血逼","2"
"206","大血比","2"
"207","呆卵","2"
"208","戴维教","2"
"209","党","2"
"210","党主席","2"
"211","荡妇","2"
"212","盗窃犯","2"
"213","道教","2"
"214","邓小平","2"
"215","帝国主义","2"
"216","叼你妈","2"
"217","屌","2"
"218","吊子","2"
"219","东升","2"
"220","东条英机","2"
"221","东突","2"
"222","东突暴动","2"
"223","东突独立","2"
"224","东突份子","2"
"225","东亚病夫","2"
"226","动乱","2"
"227","独裁","2"
"228","独台分子","2"
"229","二百五","2"
"230","二屄","2"
"231","二逼","2"
"232","法 轮 大 法","2"
"233","法 轮 功","2"
"234","法.轮.大.法","2"
"235","法.轮.功","2"
"236","法_轮_大_法","2"
"237","法_轮_功","2"
"238","法高","2"
"239","法客","2"
"240","法轮","2"
"241","法轮大法","2"
"242","法-轮-大-法","2"
"243","法轮功","2"
"244","法-轮-功","2"
"245","法西斯","2"
"246","反动分子","2"
"247","反动派","2"
"248","放荡","2"
"249","放屁","2"
"250","佛教","2"
"251","佛祖","2"
"252","傅作义","2"
"253","干X","2"
"254","干爆","2"
"255","干到","2"
"256","干干","2"
"257","干她","2"
"258","干妳","2"
"259","干妳老妈","2"
"260","干妳老母","2"
"261","干妳妈","2"
"262","干妳娘","2"
"263","干你","2"
"264","干你老比","2"
"265","干你老妈","2"
"266","干你老母","2"
"267","干你妈","2"
"268","干你娘","2"
"269","干你娘俄比","2"
"270","干爽","2"
"271","干死","2"
"272","干死你全家","2"
"273","干死你一家","2"
"274","干他","2"
"275","干牠","2"
"276","干一干","2"
"277","冈峦","2"
"278","刚比","2"
"279","刚比样子","2"
"280","肛交","2"
"281","肛门","2"
"282","高丽棒子","2"
"283","高字联","2"
"284","膏药旗","2"
"285","工字联","2"
"286","弓虽女干","2"
"287","公安局","2"
"288","共产党","2"
"289","共产主义","2"
"290","共党","2"
"291","共匪","2"
"292","共军","2"
"293","狗比","2"
"294","狗蛋","2"
"295","狗卵","2"
"296","狗杂种","2"
"297","瓜娃子","2"
"298","观世音","2"
"299","龟儿子","2"
"300","龟孙子","2"
"301","龟头","2"
"302","滚那吗","2"
"303","滚那吗B","2"
"304","滚那吗错比","2"
"305","滚那吗老比","2"
"306","滚那吗瘟比","2"
"307","国家领导人","2"
"308","国民党","2"
"309","国务院 ","2"
"310","韩B","2"
"311","韩b","2"
"312","韩Ｂ","2"
"313","韩ｂ","2"
"314","贺国强","2"
"315","贺龙","2"
"316","黑帮","2"
"317","黑社会","2"
"318","黑手党","2"
"319","胡锦涛","2"
"320","胡乔木","2"
"321","胡耀邦","2"
"322","胡主席","2"
"323","黄带","2"
"324","黄菊","2"
"325","黄片","2"
"327","回教","2"
"328","回族人吃猪肉","2"
"329","鸡八","2"
"330","鸡巴","2"
"331","鸡奸","2"
"332","鸡歪","2"
"333","基地组织","2"
"334","基督","2"
"335","基督教","2"
"336","激情图片","2"
"337","激情写真","2"
"338","几吧","2"
"339","妓","2"
"340","妓女","2"
"341","贾庆林","2"
"342","奸她","2"
"343","奸你","2"
"344","奸杀","2"
"346","奸他","2"
"347","奸我","2"
"348","奸污","2"
"349","奸一奸","2"
"350","奸淫","2"
"351","奸诱","2"
"352","贱","2"
"353","贱B","2"
"354","贱逼","2"
"355","贱比","2"
"356","贱妇","2"
"357","贱货","2"
"358","贱人","2"
"359","贱种","2"
"360","江core","2"
"361","江青","2"
"362","江泽民","2"
"363","蒋介石","2"
"364","蒋经国","2"
"365","蒋中正","2"
"366","姣西","2"
"367","叫床","2"
"368","教官","2"
"369","她妈的","2"
"370","她奶奶的","2"
"371","届中央政治局委员","2"
"372","金枪不倒","2"
"373","金日成","2"
"374","金泽辰","2"
"375","金正日","2"
"376","劲舞 GM","2"
"377","精神病","2"
"378","精液","2"
"379","精子","2"
"380","警察","2"
"381","靖国神社","2"
"382","纠察员","2"
"383","巨乳","2"
"384","砍翻一条街","2"
"385","砍死你","2"
"386","靠爸","2"
"387","靠杯","2"
"388","靠母","2"
"389","靠你爸","2"
"390","靠你妈","2"
"391","靠夭","2"
"392","克林顿","2"
"393","口交","2"
"394","库塞","2"
"395","狂操尚禾","2"
"396","拉登","2"
"397","拉姆斯菲尔德","2"
"398","拉皮条","2"
"399","喇嘛教","2"
"400","来插我","2"
"401","来干我","2"
"402","来骑我","2"
"403","来上我","2"
"404","来爽我","2"
"405","懒啪(鸟)","2"
"406","烂B","2"
"407","烂b","2"
"408","烂ｂ","2"
"409","烂Ｂ","2"
"410","烂逼","2"
"411","烂比","2"
"412","烂货","2"
"413","烂鸟","2"
"414","烂人","2"
"415","滥交","2"
"416","老B","2"
"417","老比","2"
"418","老卵","2"
"419","老毛子","2"
"420","老母","2"
"421","老味臭化西","2"
"422","李长春","2"
"423","李登辉","2"
"424","李洪志","2"
"425","李岚清","2"
"426","李鹏","2"
"427","李瑞环","2"
"428","李铁映","2"
"429","李先念","2"
"430","连战","2"
"431","林彪","2"
"432","刘少奇","2"
"433","六四","2"
"434","六四民运","2"
"435","六四事件","2"
"436","六四运动","2"
"437","吕秀莲","2"
"438","乱伦","2"
"439","轮干","2"
"440","轮奸","2"
"441","轮流操","2"
"442","轮流干","2"
"443","轮流日","2"
"444","罗干","2"
"445","裸体视频","2"
"446","裸体写真","2"
"447","裸照","2"
"448","妈B","2"
"449","妈b","2"
"450","妈ｂ","2"
"451","妈Ｂ","2"
"452","妈比","2"
"453","妈的","2"
"454","妈的B","2"
"455","妈的b","2"
"456","妈的Ｂ","2"
"457","妈的ｂ","2"
"458","妈的紫界","2"
"459","妈祖","2"
"460","麻批","2"
"461","马英九","2"
"462","骂的就是你","2"
"463","卖B","2"
"464","卖b","2"
"465","卖ｂ","2"
"466","卖Ｂ","2"
"467","卖逼","2"
"468","卖比","2"
"469","卖淫","2"
"470","毛爱英","2"
"471","毛泽东","2"
"472","毛主席","2"
"473","没有人权","2"
"474","梅花网","2"
"475","每日公告","2"
"477","美国佬","2"
"478","蒙古达子","2"
"479","梦遗","2"
"480","密宗","2"
"481","民进党","2"
"482","民运","2"
"483","民主党","2"
"484","明治","2"
"485","摸咪咪","2"
"486","摸你鸡巴","2"
"487","摸你全身","2"
"488","摩门教","2"
"489","明慧网","2"
"490","穆罕默德","2"
"491","穆斯林","2"
"492","内裤","2"
"493","内衣","2"
"494","那吗B","2"
"495","那吗b","2"
"496","那吗Ｂ","2"
"497","那吗ｂ","2"
"498","那吗错比","2"
"499","那吗老比","2"
"500","那吗瘟比","2"
"501","那娘错比","2"
"502","那娘老比","2"
"503","那娘瘟比","2"
"504","纳粹","2"
"505","纳粹党","2"
"506","纳粹分子","2"
"507","纳粹政府","2"
"508","纳粹主义","2"
"509","奶头","2"
"510","奶罩","2"
"511","奶子","2"
"512","妳老母的","2"
"513","妳妈的","2"
"514","南蛮子","2"
"515","嫩B","2"
"516","嫩b","2"
"517","嫩Ｂ","2"
"518","嫩ｂ","2"
"519","嫩逼","2"
"520","你老母","2"
"521","你姥","2"
"522","你姥姥的","2"
"523","你妈","2"
"524","你妈的","2"
"525","你娘","2"
"526","娘比","2"
"527","娘饿比","2"
"528","捏你鸡巴","2"
"529","捏你奶子","2"
"530","侬着冈峦","2"
"531","侬着卵抛","2"
"532","炮打中共","2"
"533","皮条客","2"
"534","屁蛋","2"
"535","屁精","2"
"536","屁眼","2"
"537","嫖娼","2"
"538","嫖妓","2"
"539","嫖客","2"
"540","仆街","2"
"541","普京","2"
"542","骑她","2"
"543","骑妳","2"
"544","骑他","2"
"545","骑我","2"
"546","钱其琛","2"
"547","欠干","2"
"548","欠骑","2"
"549","欠人骑","2"
"550","欠爽","2"
"551","枪王","2"
"552","强暴","2"
"553","强奸","2"
"554","强奸犯","2"
"555","乔石","2"
"556","切七","2"
"557","亲民党","2"
"558","清真","2"
"559","去死","2"
"560","全国妇联","2"
"561","全国人大","2"
"562","全国政协","2"
"563","瘸腿帮","2"
"564","人民大会堂","2"
"565","人妻","2"
"567","日本鬼子","2"
"568","日本帝国","2"
"569","日你","2"
"570","日你大爷","2"
"571","日你老母","2"
"572","日你妈","2"
"573","日你妈卖麻批","2"
"574","日你妈卖批","2"
"575","日你娘","2"
"576","日你全家","2"
"577","日紫界","2"
"578","日神","2"
"579","日死","2"
"580","日死你","2"
"581","日死你你全家","2"
"582","日死紫界","2"
"583","蹂躏","2"
"584","肉棒","2"
"585","肉洞","2"
"586","肉壶","2"
"587","肉穴","2"
"588","乳房","2"
"589","乳头","2"
"590","乳腺","2"
"591","乳晕","2"
"592","乳罩","2"
"593","萨达姆","2"
"594","塞你爸","2"
"595","塞你公","2"
"596","塞你老母","2"
"597","塞你母","2"
"598","塞你娘","2"
"599","三去车仑工力","2"
"600","骚B","2"
"601","骚b","2"
"602","骚Ｂ","2"
"603","骚ｂ","2"
"604","骚包","2"
"605","骚逼","2"
"606","骚比","2"
"607","骚货","2"
"608","骚鸡","2"
"609","骚卵","2"
"610","骚穴","2"
"611","色咪咪","2"
"612","色魔","2"
"613","杀人犯","2"
"615","傻B","2"
"616","傻b","2"
"617","傻Ｂ","2"
"618","傻ｂ","2"
"619","傻X","2"
"620","傻屄","2"
"621","傻逼","2"
"622","傻比","2"
"623","傻屌","2"
"624","傻吊","2"
"625","狗日的","2"
"626","上她","2"
"627","上妳","2"
"628","上你","2"
"629","上他","2"
"630","上我","2"
"631","紫界","2"
"632","紫界 GM","2"
"633","紫界GM","2"
"634","紫界广告","2"
"635","紫界互动娱乐","2"
"636","紫界娱乐","2"
"637","紫界网络","2"
"638","社会主义","2"
"639","射精","2"
"640","身寸米青","2"
"641","生春袋","2"
"642","生孩子没屁眼","2"
"643","圣母","2"
"644","圣战","2"
"645","湿了","2"
"646","湿了还说不要","2"
"647","十世班禅","2"
"648","手淫","2"
"649","兽交","2"
"650","熟女","2"
"651","爽到家","2"
"652","爽妳","2"
"653","爽你","2"
"654","死紫界","2"
"655","四人帮","2"
"656","宋楚瑜","2"
"657","孙隽","2"
"658","孙文","2"
"659","孙逸仙","2"
"660","孙中山","2"
"661","他NND","2"
"662","他妈的","2"
"663","他吗的","2"
"664","他奶奶的","2"
"665","他娘的","2"
"666","塔利班","2"
"667","台独","2"
"668","台独分子","2"
"669","台独派","2"
"670","台联","2"
"671","台湾","2"
"672","台湾党","2"
"673","台湾帝国","2"
"674","台湾独立","2"
"675","台湾共产党","2"
"676","台湾共和国","2"
"677","台湾国","2"
"678","台湾民国","2"
"679","天安门","2"
"680","天皇","2"
"682","田纪云","2"
"683","怢俜帝国","2"
"684","怢俜共和国","2"
"685","怢俜民国","2"
"686","外挂","2"
"687","万里","2"
"688","汪延","2"
"689","王八","2"
"690","王刚","2"
"691","王震","2"
"692","猥亵","2"
"693","死全家","2"
"694","尉健行","2"
"695","慰安妇","2"
"696","温B","2"
"697","温b","2"
"698","温Ｂ","2"
"699","温ｂ","2"
"700","温比","2"
"701","温家宝","2"
"702","瘟B","2"
"703","瘟b","2"
"704","瘟Ｂ","2"
"705","瘟ｂ","2"
"706","瘟比","2"
"707","倭寇","2"
"708","我操","2"
"709","我奸","2"
"710","龌龊","2"
"711","吴邦国","2"
"712","吴官正","2"
"713","吴仪","2"
"714","吾尔开希","2"
"715","西藏独立","2"
"716","西藏喇嘛","2"
"717","希拉克","2"
"718","希特勒","2"
"719","系统讯息","2"
"720","下J","2"
"721","下j","2"
"722","下ｊ","2"
"723","下Ｊ","2"
"724","下贱","2"
"725","下流","2"
"726","鲜族","2"
"727","小B样","2"
"728","小比样","2"
"729","小泉","2"
"730","小泉纯一郎","2"
"731","小日本","2"
"732","小穴","2"
"733","新党","2"
"734","新华社","2"
"735","新疆独立","2"
"736","新手指导员","2"
"737","新闻出版总署","2"
"738","新义安","2"
"739","性交","2"
"740","性生活","2"
"741","胸部","2"
"742","胸罩","2"
"743","畜生","2"
"744","雪特","2"
"745","阳痿","2"
"746","耶和华","2"
"747","耶稣","2"
"748","一贯道","2"
"749","一丝不挂","2"
"750","一中一台","2"
"751","伊斯兰","2"
"752","伊斯兰教","2"
"753","阴唇","2"
"754","阴道","2"
"755","阴蒂","2"
"756","阴茎","2"
"757","阴毛","2"
"758","阴穴","2"
"759","淫","2"
"760","淫屄","2"
"761","淫荡","2"
"762","淫洞","2"
"763","淫货","2"
"764","淫贱","2"
"765","淫湿","2"
"766","淫水","2"
"767","淫穴","2"
"768","淫汁","2"
"769","游戏管理员","2"
"770","又鸟女干","2"
"771","援交","2"
"772","杂种","2"
"773","再奸","2"
"774","早泄","2"
"775","造爱","2"
"776","曾庆红","2"
"777","扎波波","2"
"778","扎卡维","2"
"779","扎卡维是英雄","2"
"780","赵紫阳","2"
"781","贞操","2"
"782","真 善 忍","2"
"783","真.善.忍","2"
"784","真。善。忍","2"
"785","真理教","2"
"786","真善忍","2"
"787","真-善-忍","2"
"788","真世界","2"
"789","真主","2"
"790","支那","2"
"791","支那人","2"
"792","支那猪","2"
"793","中共","2"
"794","中共中央","2"
"795","中国","2"
"796","中国共产党","2"
"797","中华民国","2"
"798","中华人民共和国","2"
"799","中南海","2"
"800","中宣部","2"
"801","中央","2"
"802","中央电视台","2"
"803","周恩来","2"
"804","朱德","2"
"805","朱镕基","2"
"806","主席","2"
"807","转法轮","2"
"808","装屄","2"
"809","装逼","2"
"810","自焚","2"
"811","总理","2"
"812","太阳旗","2"
"813","龙新民","2"
"814","戎新民","2"
"815","李东东","2"
"816","阎晓宏","2"
"817","孙寿山","2"
"818","寇晓伟","2"
"819","疆独","2"
"820","柳斌杰","2"
"821","荣新民","2"
"822","邬书林","2"
"823","王立英","2"
"824","寇小伟","2"
"825","藏独","2"
"826","王国庆","2"
"827","帐号","2"
"828","官方","2"
"829","官方管理员","2"
"830","官方送礼专员","2"
"831","官方抽奖信息","2"
"832","抽奖","2"
"833","抽奖专员","2"
"834","送礼","2"
"835","奖励","2"
"836","幻影旅团","2"
"837","幻影军团","2"
"838","活动","2"
"839","客服","2"
"840","工作人员","2"
"841","官方人员","2"
"842","新疆獨立","2"
"843","专业带刷","2"
"844","代练","2"
"845","举报系统","2"
"846","消息员","2"
"847","在线销售","2"
"848","系统消息","2"
"849","管理员","2"
"850","免费领取","2"
"851","客户服务","2"
"852","通知","2"
"853","公告","2"
"854","刷屏","2"
"855","在线","2"
"856","本公司","2"
"857","我公司","2"
"858","自慰","2"
"859","G.M","2"
"860","ragm","2"
"861","gmra","2"
"862","GM gm","2"
"863","游戏管理者","2"
"864","客服人员","2"
"865","游戏指导员","2"
"866","官方工作员","2"
"867","官方管理者","2"
"868","新手辅导员","2"
"869","游戏向导","2"
"870","游戏监督员","2"
"871","游戏送奖员","2"
"872","NPC","2"
"873","管理人员","2"
"874","客户服务人员","2"
"875","指导员","2"
"876","ａｄｍｉｎ","2"
"877","ｍａｓｔｅｒ","2"
"878","ｇａｍｅｍａｓｔｅｒ","2"
"879","Ｇｍ","2"
"880","法輪","2"
"881","李洪","2"
"882","轮功","2"
"883","輪功","2"
"884","共產黨","2"
"885","國民黨","2"
"886","臺獨","2"
"887","民國","2"
"888","民国","2"
"889","中華民國","2"
"890","毛澤東","2"
"891","鄧小平","2"
"892","江澤民","2"
"893","邹家华","2"
"894","西藏分裂","2"
"895","台湾总统","2"
"896","保卫台湾","2"
"897","陈总统","2"
"898","政府无能","2"
"899","皇军","2"
"900","造反","2"
"901","推翻","2"
"902","政变","2"
"903","压迫","2"
"904","色情","2"
"905","情色","2"
"906","淫秽","2"
"907","爆炸","2"
"908","集会","2"
"909","游行","2"
"910","示威","2"
"911","垮台","2"
"912","倒台","2"
"913","分裂","2"
"914","镇压","2"
"915","迫害","2"
"916","独立","2"
"917","压制","2"
"918","总书记","2"
"919","两国论","2"
"920","一边一国","2"
"921","陆肆","2"
"922","国家主席","2"
"923","政治局","2"
"924","常委","2"
"925","16大","2"
"926","十六大","2"
"927","领导","2"
"928","统治","2"
"929","万岁","2"
"930","阿拉法特","2"
"931","本·拉登","2"
"932","阿拉","2"
"933","南蛮子  ","2"
"934","朝鲜   ","2"
"935","王乐泉","2"
"936","王兆国","2"
"937","回良玉","2"
"938","刘淇","2"
"939","刘云山","2"
"940","张立昌","2"
"941","张德江","2"
"942","周永康","2"
"943","俞正声","2"
"944","郭伯雄","2"
"945","曹刚川","2"
"946","曾培炎","2"
"947","寇司","2"
"948","东突暴动和独立","2"
"949","国务院","2"
"950","人民日报","2"
"951","光明日报","2"
"952","国家主要部委","2"
"953","几届中央政治局委员","2"
"954","ｓｅｘ","2"
"955","ｓｈｉｔ","2"
"956","ｆｕｃｋ","2"
"957","ｂｉｔｃｈ","2"
"958","他娘","2"
"959","你全家","2"
"960","我日","2"
"961","操你","2"
"962","射你","2"
"963","妈逼","2"
"964","逼样","2"
"965","祖宗","2"
"966","狗日","2"
"967","屁股","2"
"968","鸡8","2"
"969","阳具","2"
"970","交配","2"
"971","浪叫","2"
"972","姘头","2"
"973","姦","2"
"974","白癡","2"
"975","老二","2"
"976","爹娘","2"
"977","雞巴","2"
"978","王八蛋","2"
"979","你是鸡","2"
"980","你是鸭","2"
"981","阳萎","2"
"982","妓院","2"
"983","扒光","2"
"984","外阴","2"
"985","妈妈的","2"
"986","我靠","2"
"987","性爱","2"
"988","三级片","2"
"989","做爱","2"
"990","鸡吧","2"
"991","他奶奶","2"
"992","狗娘养的","2"
"993","明慧","2"
"994","Bastard","2"
"995","下三烂","2"
"996","口肯","2"
"997","他奶娘的","2"
"998","他马的","2"
"999","他妈ㄉ王八蛋","2"
"1000","白烂","2"
"1001","她马的","2"
"1002","老味","2"
"1003","你他马的","2"
"1004","你他妈的","2"
"1005","你它马的","2"
"1006","你它妈的","2"
"1007","你她马的","2"
"1008","你娘卡好","2"
"1009","你娘咧","2"
"1010","你马的","2"
"1011","妳她妈的","2"
"1012","妳娘的","2"
"1013","妳马的","2"
"1014","狗屁","2"
"1015","肥西","2"
"1016","奸","2"
"1017","强奸你","2"
"1018","淫西","2"
"1019","淫妇","2"
"1020","几八","2"
"1021","几巴","2"
"1022","几叭","2"
"1023","几芭","2"
"1024","插死你","2"
"1025","塞你老师","2"
"1026","妈个B","2"
"1027","妈个b","2"
"1028","妈个Ｂ","2"
"1029","妈个ｂ","2"
"1030","干x娘","2"
"1031","干七八","2"
"1032","干死GM","2"
"1033","干死客服","2"
"1034","干死CS","2"
"1035","干死你","2"
"1036","干你良","2"
"1037","干妳马","2"
"1038","干您娘","2"
"1039","干机掰","2"
"1040","靠北","2"
"1041","靠腰","2"
"1042","驶你公","2"
"1043","驶你母","2"
"1044","驶你老母","2"
"1045","驶你老师","2"
"1046","驶你爸","2"
"1047","驶你娘","2"
"1048","操78","2"
"1049","操妳全家","2"
"1050","操机掰","2"
"1051","机八","2"
"1052","机巴","2"
"1053","机机歪歪","2"
"1054","懆您妈","2"
"1055","懆您娘","2"
"1056","赛你老母","2"
"1057","赛妳阿母","2"
"1058","鸡叭","2"
"1059","鸡芭","2"
"1060","懒8","2"
"1061","懒八","2"
"1062","懒叫","2"
"1063","懒教","2"
"1064","赣您娘","2"
"1065","灨你娘","2"
"1066","WG","2"
"1067","外 挂","2"
"1068","布 什","2"
"1069","拉 姆 斯 菲 尔 德","2"
"1070","克 林 顿","2"
"1071","小 泉 纯 一 郎","2"
"1072","小 泉","2"
"1073","普 京","2"
"1074","布 莱 尔","2"
"1075","希 拉 克","2"
"1076","金 日 成","2"
"1077","金 正 日","2"
"1078","萨 达 姆","2"
"1079","阿 拉 法 特","2"
"1080","穆 斯 林","2"
"1081","穆 罕 默 德","2"
"1082","安 拉","2"
"1083","回 回","2"
"1084","基 督","2"
"1085","耶 稣","2"
"1086","真 理 教","2"
"1087","大 卫 教","2"
"1088","伊 斯 兰","2"
"1089","阿 拉","2"
"1090","高 丽 棒 子","2"
"1091","蒙 古 达 子","2"
"1092","鲜 族","2"
"1093","南 蛮 子","2"
"1094","黑 手 党","2"
"1095","瘸 腿 帮","2"
"1096","本.拉 登","2"
"1097","本 拉 登","2"
"1098","希 特 勒","2"
"1099","东 条 英 机","2"
"1100","天 皇","2"
"1101","法 西 斯","2"
"1102","扎 卡 维","2"
"1103","日 本","2"
"1104","美 国","2"
"1105","朝 鲜","2"
"1106","帝 国 主 义","2"
"1107","社 会 主 义","2"
"1108","共 产 主 义","2"
"1109","中 国 共 产 党","2"
"1110","东 亚 病 夫","2"
"1111","日 本 鬼 子","2"
"1112","小 日 本","2"
"1113","膏 药 旗","2"
"1114","美 国 佬","2"
"1115","老 毛 子","2"
"1116","共 匪","2"
"1117","国 民 党","2"
"1118","民 进 党","2"
"1119","亲 民 党","2"
"1120","圣 战","2"
"1121","马 英 九","2"
"1122","宋 楚 瑜","2"
"1123","陈 水 扁","2"
"1124","阿 扁","2"
"1125","吕 秀 莲","2"
"1126","达 赖","2"
"1127","林 彪","2"
"1128","李 洪 志","2"
"1129","靖 国 神 社","2"
"1130","公 安 局","2"
"1131","中 南 海","2"
"1132","国 务 院","2"
"1133","中 共 中 央","2"
"1134","天 安 门","2"
"1135","中 央 电 视 台","2"
"1136","新 闻 出 版 总 署","2"
"1137","中 宣 部","2"
"1138","新 华 社","2"
"1139","人 民 日 报","2"
"1140","光 明 日 报","2"
"1141","国 家 主 要 部 委","2"
"1142","几 届 中 央 政 治 局 委 员","2"
"1143","台 湾 独 立","2"
"1144","东 突 暴 动","2"
"1145","东 突 独 立","2"
"1146","西 藏 独 立","2"
"1147","流行词","2"
"1148","流 行 词","2"
"1149","杀 手","2"
"1150","杀 人 犯","2"
"1151","强 奸 犯","2"
"1152","盗 窃 犯","2"
"1153","达 赖 喇 嘛","2"
"1154","李宏志","2"
"1155","李 宏 志","2"
"1156","游 戏 管 理 员","2"
"1157","管 理 员","2"
"1158","管 理 人 员","2"
"1159","客 户 服 务 人 员","2"
"1160","客 服","2"
"1161","A d m i n","2"
"1162","G M","2"
"1163","G A M E M A S T E R","2"
"1164","做 爱","2"
"1165","去 死","2"
"1166","测 试","2"
"1167","新 党","2"
"1168","台 联","2"
"1169","李 登 辉","2"
"1170","连 战","2"
"1171","蒋 中 正","2"
"1172","蒋 介 石","2"
"1173","蒋 经 国","2"
"1174","孙 中 山","2"
"1175","孙 逸 仙","2"
"1176","孙 文","2"
"1177","中 共","2"
"1178","共 产 党","2"
"1179","中 国","2"
"1180","中 华 人 民 共 和 国","2"
"1181","中 华 民 国","2"
"1182","台 独","2"
"1183","党 主 席","2"
"1184","江 泽 民","2"
"1185","佛 祖","2"
"1186","妈 祖","2"
"1187","圣 母","2"
"1188","观 世 音","2"
"1189","耶 和 华","2"
"1190","佛 教","2"
"1191","口 交","2"
"1192","肛 交","2"
"1193","吹 喇 叭","2"
"1194","鸡 巴","2"
"1195","烂 人","2"
"1196","胡 锦 涛","2"
"1197","吴 邦 国","2"
"1198","温 家 宝","2"
"1199","贾 庆 林","2"
"1200","曾 庆 红","2"
"1201","黄 菊","2"
"1202","吴 官 正","2"
"1203","李 长 春","2"
"1204","罗 干","2"
"1205","王 兆 国","2"
"1206","回 良 玉","2"
"1207","刘 淇","2"
"1208","刘 云 山","2"
"1209","吴 仪","2"
"1210","张 德 江","2"
"1211","陈 良 宇","2"
"1212","周 永 康","2"
"1213","俞 正 声","2"
"1214","贺 国 强","2"
"1215","郭 伯 雄","2"
"1216","曹 刚 川","2"
"1217","曾 培 炎","2"
"1218","王 刚","2"
"1219","东 突  动 和 独 立","2"
"1220","J B","2"
"1221","jb","2"
"1222","ＪＢ","2"
"1223","ｊｂ","2"
"1224","S B","2"
"1225","sb","2"
"1226","ＳＢ","2"
"1227","ｓｂ","2"
"1228","扎 卡 维 是 英 雄","2"
"1229","阿 扁 万 岁","2"
"1230","回 族 人 吃 猪 肉","2"
"1231","毛 泽 东","2"
"1232","邓 小 平","2"
"1233","朱 镕 基","2"
"1234","朱容基","2"
"1235","朱 容 基","2"
"1236","李 鹏","2"
"1237","李 瑞 环","2"
"1238","尉 健 行","2"
"1239","李 岚 清","2"
"1240","道 教","2"
"1241","基 督 教","2"
"1242","回 教","2"
"1243","密 宗","2"
"1244","一 贯 道","2"
"1245","摩 门 教","2"
"1246","教 官","2"
"1247","指 导 员","2"
"1248","干 你","2"
"1249","屁 眼","2"
"1250","F u c k","2"
"1251","B i t c h","2"
"1252","六 四","2"
"1253","W G","2"
"1254","shaiya","2"
"1255","s h a i y a","2"
"1256","shenqi","2"
"1257","s h e n q i","2"
"1258","活动通知","2"
"1259","活 动 通 知","2"
"1260","活动通告","2"
"1261","活 动 通 告","2"
"1262","代 练","2"
"1263","冰毒","2"
"1264","冰 毒","2"
"1265","K粉","2"
"1266","K 粉","2"
"1267","摇头丸","2"
"1268","摇 头 丸","2"
"1269","系统公告","2"
"1270","系统通知","2"
"1271","温馨提示","2"
"1272","温馨通知","2"
"1273","中奖","2"
"1274","中 奖","2"
"1275","中奖系统","2"
"1276","辉皇网络","2"
"1277","网络游戏部","2"
"1278","百信工作室","2"
"1279","真诚网络","2"
"1280","誉久网络","2"
"1281","ET带练网络","2"
"1282","大唐网络","2"
"1283","腾飞网络","2"
"1284","ET网游在线","2"
"1285","zhuanfalun","2"
"1286","hentai","2"
"1287","xinsheng","2"
"1288","zhenshanren","2"
"1289","wstaiji","2"
"1290","wangce","2"
"1291","minghuinews","2"
"1292","hongzhi","2"
"1293","lihongzhi","2"
"1294","中国liberal","2"
"1295","falundafa","2"
"1296","dajiyuan","2"
"1297","狂操紫界","2"
"1298","女優","2"
"1299","小泽玛莉亚","2"
"1300","强歼","2"
"1301","乱交","2"
"1302","色友","2"
"1303","肉蒲团","2"
"1304","喷尿","2"
"1305","推广员","2"
"1308","zhuanfalun","1"
"1309","hentai","1"
"1310","xinsheng","1"
"1311","zhenshanren","1"
"1312","wstaiji","1"
"1313","wangce","1"
"1314","minghui","1"
"1315","minghuinews","1"
"1316","hongzhi","1"
"1317","lihongzhi","1"
"1318","中国liberal","1"
"1319","falundafa","1"
"1320","falun","1"
"1321","dafa","1"
"1322","dajiyuan","1"
"1323","2B","1"
"1324","2b","1"
"1325","2Ｂ","1"
"1326","2ｂ","1"
"1327","admin","1"
"1328","asshole","1"
"1329","bitch","1"
"1330","BITCH","1"
"1331","BLOW JOB","1"
"1332","B毛","1"
"1333","b毛","1"
"1334","Ｂ毛","1"
"1335","ｂ毛","1"
"1336","Dick","1"
"1337","Fag","1"
"1338","falco","1"
"1339","FLG","1"
"1340","fuck","1"
"1341","FUCK","1"
"1342","FUCK MY ASS HOLE","1"
"1343","FUCK MY PUSSY","1"
"1344","G8","1"
"1345","galaxy","1"
"1346","GameMaster","1"
"1347","GB","1"
"1348","Gb","1"
"1349","GＢ","1"
"1350","Gｂ","1"
"1351","GM","1"
"1352","gm","1"
"1353","gy","1"
"1354","GY","1"
"1355","j8","1"
"1356","J8","1"
"1357","Ｊ8","1"
"1358","ｊ8","1"
"1359","jb","1"
"1360","ｊｂ","1"
"1361","ｊb","1"
"1362","jｂ","1"
"1363","JB","1"
"1364","ＪB","1"
"1365","ＪＢ","1"
"1366","JＢ","1"
"1367","KISS MY ASS","1"
"1368","NAZI","1"
"1369","PENIS","1"
"1370","PUSSY","1"
"1371","SB","1"
"1372","SＢ","1"
"1373","Sｂ","1"
"1374","Sb","1"
"1375","SG","1"
"1376","shattered","1"
"1377","shit","1"
"1378","SM","1"
"1379","suck","1"
"1380","SUCKER","1"
"1381","tactical","1"
"1382","TC","1"
"1383","tmd","1"
"1384","TMD","1"
"1385","tnnd","1"
"1386","TNND","1"
"1387","阿扁","1"
"1388","阿扁万岁","1"
"1389","啊无卵","1"
"1390","安拉","1"
"1391","八九","1"
"1392","巴子","1"
"1394","膀胱","1"
"1395","包皮","1"
"1396","本 拉登","1"
"1397","本.拉登","1"
"1398","本。拉登","1"
"1399","本_拉登","1"
"1400","本拉登","1"
"1401","本-拉登","1"
"1402","笨B","1"
"1403","笨b","1"
"1404","笨ｂ","1"
"1405","笨Ｂ","1"
"1406","笨屄","1"
"1407","笨逼","1"
"1408","笨比","1"
"1409","屄","1"
"1410","逼毛","1"
"1412","比卵","1"
"1413","比水","1"
"1414","比样","1"
"1415","鞭神","1"
"1416","鞭王","1"
"1417","彪王","1"
"1418","婊子","1"
"1419","宾周","1"
"1420","薄一波","1"
"1421","布莱尔","1"
"1422","布雷尔","1"
"1423","布什","1"
"1424","菜比","1"
"1425","操   你","1"
"1426","操  你","1"
"1427","操 你","1"
"1428","操蛋","1"
"1429","操妳","1"
"1430","操妳老妈","1"
"1431","操妳老母","1"
"1432","操妳妈","1"
"1433","操妳娘","1"
"1434","操妳祖宗","1"
"1435","操你大爷","1"
"1436","操你家大爷","1"
"1437","操你家老母","1"
"1438","操你老妈","1"
"1439","操你老母","1"
"1440","操你妈","1"
"1441","操你妈个B","1"
"1442","操你妈个b","1"
"1443","操你妈个Ｂ","1"
"1444","操你妈个ｂ","1"
"1445","操你妈个屄","1"
"1446","操你娘","1"
"1447","操你娘亲","1"
"1448","操你全家","1"
"1449","操你祖宗","1"
"1450","操尚禾","1"
"1451","操神","1"
"1452","操死","1"
"1453","操死尚禾","1"
"1454","操王","1"
"1455","肏","1"
"1456","册老","1"
"1457","册那","1"
"1458","册那娘比","1"
"1459","册那娘饿比","1"
"1460","测试","1"
"1461","插B","1"
"1462","插b","1"
"1463","插Ｂ","1"
"1464","插ｂ","1"
"1465","插妳","1"
"1466","插你","1"
"1467","插我","1"
"1468","娼","1"
"1469","娼妓","1"
"1470","朝鲜","1"
"1471","车仑女干","1"
"1472","陈良宇","1"
"1473","陈水扁","1"
"1474","陈希同","1"
"1475","陈毅","1"
"1476","吃屎","1"
"1477","臭鸡","1"
"1478","臭西","1"
"1479","吹喇叭","1"
"1480","蠢驴","1"
"1481","蠢猪","1"
"1482","戳B","1"
"1483","戳比","1"
"1484","戳那吗B","1"
"1485","戳那吗b","1"
"1486","戳那吗ｂ","1"
"1487","戳那吗Ｂ","1"
"1488","戳那吗比","1"
"1489","错B","1"
"1490","错b","1"
"1491","错Ｂ","1"
"1492","错ｂ","1"
"1493","错比","1"
"1494","错那吗B","1"
"1495","错那吗b","1"
"1496","错那吗Ｂ","1"
"1497","错那吗ｂ","1"
"1498","错那吗比","1"
"1499","达赖","1"
"1500","达赖喇嘛","1"
"1501","大比","1"
"1502","大法","1"
"1503","大花B","1"
"1504","大花b","1"
"1505","大花Ｂ","1"
"1506","大花ｂ","1"
"1507","大花逼","1"
"1508","大花比","1"
"1510","大卫教","1"
"1511","大卫教","1"
"1512","大血B","1"
"1513","大血b","1"
"1514","大血Ｂ","1"
"1515","大血ｂ","1"
"1516","大血逼","1"
"1517","大血比","1"
"1518","呆卵","1"
"1519","戴维教","1"
"1520","戴维教","1"
"1522","党主席","1"
"1523","荡妇","1"
"1524","盗窃犯","1"
"1525","盗窃犯","1"
"1527","邓小平","1"
"1528","帝国主义","1"
"1529","叼你妈","1"
"1530","屌","1"
"1531","东升","1"
"1532","东条英机","1"
"1533","东突","1"
"1534","东突暴动","1"
"1535","东突独立","1"
"1536","东突份子","1"
"1537","东亚病夫","1"
"1538","动乱","1"
"1540","独台分子","1"
"1542","二屄","1"
"1543","二逼","1"
"1544","法 轮 大 法","1"
"1545","法 轮 功","1"
"1546","法.轮.大.法","1"
"1547","法.轮.功","1"
"1548","法_轮_大_法","1"
"1549","法_轮_功","1"
"1552","法轮","1"
"1553","法轮大法","1"
"1554","法-轮-大-法","1"
"1555","法轮功","1"
"1556","法-轮-功","1"
"1557","法西斯","1"
"1558","反动分子","1"
"1559","反动派","1"
"1560","放荡","1"
"1561","放屁","1"
"1564","傅作义","1"
"1565","干X","1"
"1566","干爆","1"
"1567","干妳老妈","1"
"1568","干妳老母","1"
"1569","干妳妈","1"
"1570","干妳娘","1"
"1571","干你老比","1"
"1572","干你老妈","1"
"1573","干你老母","1"
"1574","干你老母","1"
"1575","干你妈","1"
"1576","干你娘","1"
"1577","干你娘俄比","1"
"1578","干爽","1"
"1579","干死你全家","1"
"1580","干死你一家","1"
"1582","冈峦","1"
"1583","刚比","1"
"1584","刚比样子","1"
"1585","肛交","1"
"1586","肛门","1"
"1587","高丽棒子","1"
"1588","高字联","1"
"1589","膏药旗","1"
"1590","工字联","1"
"1591","弓虽女干","1"
"1592","公安局","1"
"1593","共产党","1"
"1594","共产主义","1"
"1595","共党","1"
"1596","共匪","1"
"1597","共匪","1"
"1598","共军","1"
"1599","狗比","1"
"1600","狗蛋","1"
"1601","狗卵","1"
"1602","狗杂种","1"
"1603","瓜娃子","1"
"1605","龟儿子","1"
"1606","龟孙子","1"
"1607","龟头","1"
"1608","滚那吗","1"
"1609","滚那吗B","1"
"1610","滚那吗b","1"
"1611","滚那吗Ｂ","1"
"1612","滚那吗ｂ","1"
"1613","滚那吗错比","1"
"1614","滚那吗老比","1"
"1615","滚那吗瘟比","1"
"1616","国家领导人","1"
"1617","国民党","1"
"1618","国务院 ","1"
"1619","韩B","1"
"1620","韩b","1"
"1621","韩Ｂ","1"
"1622","韩ｂ","1"
"1623","贺国强","1"
"1624","贺龙","1"
"1625","黑帮","1"
"1626","黑社会","1"
"1627","黑手党","1"
"1628","黑手党","1"
"1629","胡锦涛","1"
"1630","胡乔木","1"
"1631","胡耀邦","1"
"1632","胡主席","1"
"1633","黄带","1"
"1634","黄菊","1"
"1635","黄片","1"
"1637","回教","1"
"1638","回族人吃猪肉","1"
"1639","鸡八","1"
"1640","鸡奸","1"
"1641","鸡歪","1"
"1642","基地组织","1"
"1647","激情图片","1"
"1648","激情写真","1"
"1649","几吧","1"
"1650","妓","1"
"1651","妓女","1"
"1652","贾庆林","1"
"1653","奸她","1"
"1654","奸你","1"
"1655","奸杀","1"
"1656","奸商","1"
"1657","奸他","1"
"1658","奸我","1"
"1659","奸污","1"
"1660","奸一奸","1"
"1661","奸淫","1"
"1662","奸诱","1"
"1664","贱B","1"
"1665","贱b","1"
"1666","贱Ｂ","1"
"1667","贱ｂ","1"
"1668","贱逼","1"
"1669","贱比","1"
"1670","贱货","1"
"1671","贱人","1"
"1672","贱种","1"
"1673","江core","1"
"1674","江青","1"
"1675","江泽民","1"
"1676","蒋介石","1"
"1677","蒋经国","1"
"1678","蒋中正","1"
"1679","姣西","1"
"1681","她妈的","1"
"1682","她奶奶的","1"
"1683","届中央政治局委员","1"
"1684","金枪不倒","1"
"1685","金日成","1"
"1686","金泽辰","1"
"1687","金正日","1"
"1688","劲舞 GM","1"
"1689","精神病","1"
"1690","精液","1"
"1691","精子","1"
"1693","靖国神社","1"
"1694","纠察员","1"
"1695","巨乳","1"
"1696","砍翻一条街","1"
"1697","砍死你","1"
"1699","靠你爸","1"
"1700","靠你妈","1"
"1701","靠夭","1"
"1702","克林顿","1"
"1703","口交","1"
"1704","库塞","1"
"1705","狂操紫界","1"
"1706","拉登","1"
"1707","拉姆斯菲尔德","1"
"1708","拉皮条","1"
"1709","喇嘛教","1"
"1710","来插我","1"
"1711","来干我","1"
"1712","来骑我","1"
"1713","来上我","1"
"1714","来爽我","1"
"1715","懒啪(鸟)","1"
"1716","烂B","1"
"1717","烂b","1"
"1718","烂Ｂ","1"
"1719","烂ｂ","1"
"1720","烂逼","1"
"1721","烂比","1"
"1722","烂货","1"
"1723","烂鸟","1"
"1724","烂人","1"
"1725","滥交","1"
"1726","老B","1"
"1727","老b","1"
"1728","老Ｂ","1"
"1729","老ｂ","1"
"1730","老比","1"
"1731","老卵","1"
"1732","老毛子","1"
"1733","老母","1"
"1734","老味臭化西","1"
"1735","李长春","1"
"1736","李登辉","1"
"1737","李洪志","1"
"1738","李岚清","1"
"1739","李鹏","1"
"1740","李瑞环","1"
"1741","李铁映","1"
"1742","李先念","1"
"1743","连战","1"
"1744","林彪","1"
"1745","刘少奇","1"
"1746","六四","1"
"1747","六四民运","1"
"1748","六四事件","1"
"1749","六四运动","1"
"1750","吕秀莲","1"
"1751","乱伦","1"
"1752","轮干","1"
"1753","轮奸","1"
"1754","轮奸","1"
"1755","轮流操","1"
"1756","轮流干","1"
"1757","轮流日","1"
"1758","罗干","1"
"1759","裸体视频","1"
"1760","裸体写真","1"
"1761","裸照","1"
"1762","妈B","1"
"1763","妈b","1"
"1764","妈Ｂ","1"
"1765","妈ｂ","1"
"1766","妈比","1"
"1767","妈的B","1"
"1768","妈的b","1"
"1769","妈的Ｂ","1"
"1770","妈的ｂ","1"
"1771","妈的尚禾","1"
"1772","妈祖","1"
"1773","麻批","1"
"1774","马英九","1"
"1775","骂的就是你","1"
"1776","卖B","1"
"1777","卖b","1"
"1778","卖Ｂ","1"
"1779","卖ｂ","1"
"1780","卖逼","1"
"1781","卖比","1"
"1782","卖淫","1"
"1783","卖淫","1"
"1784","毛爱英","1"
"1785","毛泽东","1"
"1786","梅花网","1"
"1787","梅花网","1"
"1790","美国佬","1"
"1791","蒙古达子","1"
"1792","蒙古达子","1"
"1793","梦遗","1"
"1794","密宗","1"
"1795","民进党","1"
"1797","民主党","1"
"1798","明治","1"
"1799","摸咪咪","1"
"1800","摸你鸡巴","1"
"1801","摸你全身","1"
"1802","摩门教","1"
"1803","穆罕默德","1"
"1804","穆斯林","1"
"1805","那吗B","1"
"1806","那吗b","1"
"1807","那吗Ｂ","1"
"1808","那吗ｂ","1"
"1809","那吗错比","1"
"1810","那吗老比","1"
"1811","那吗瘟比","1"
"1812","那娘错比","1"
"1813","那娘老比","1"
"1814","那娘瘟比","1"
"1815","纳粹","1"
"1816","纳粹党","1"
"1817","纳粹分子","1"
"1818","纳粹政府","1"
"1819","纳粹主义","1"
"1820","奶头","1"
"1821","妳老母的","1"
"1822","妳妈的","1"
"1823","南蛮子","1"
"1824","南蛮子","1"
"1825","嫩B","1"
"1826","嫩b","1"
"1827","嫩Ｂ","1"
"1828","嫩ｂ","1"
"1829","嫩逼","1"
"1830","你老母","1"
"1831","你姥","1"
"1832","你姥姥的","1"
"1833","你妈的","1"
"1834","你娘","1"
"1835","娘比","1"
"1836","娘饿比","1"
"1837","捏你鸡巴","1"
"1838","捏你奶子","1"
"1839","侬着冈峦","1"
"1840","侬着卵抛","1"
"1841","炮打中共","1"
"1842","皮条客","1"
"1843","屁蛋","1"
"1844","屁精","1"
"1845","屁眼","1"
"1846","嫖娼","1"
"1847","嫖妓","1"
"1848","嫖客","1"
"1849","仆街","1"
"1850","普京","1"
"1851","钱其琛","1"
"1852","欠干","1"
"1853","欠骑","1"
"1854","欠人骑","1"
"1855","枪王","1"
"1856","强暴","1"
"1857","强奸","1"
"1858","强奸犯","1"
"1859","强奸犯","1"
"1860","乔石","1"
"1861","切七","1"
"1862","亲民党","1"
"1863","清真","1"
"1864","全国妇联","1"
"1865","全国人大","1"
"1866","全国政协","1"
"1867","瘸腿帮","1"
"1868","人民大会堂","1"
"1870","日本鬼子","1"
"1871","日你","1"
"1872","日你","1"
"1873","日你大爷","1"
"1874","日你老母","1"
"1875","日你妈","1"
"1876","日你妈卖麻批","1"
"1877","日你妈卖批","1"
"1878","日你娘","1"
"1879","日你娘","1"
"1880","日你全家","1"
"1881","日尚禾","1"
"1883","日死","1"
"1884","日死你","1"
"1885","日死你你全家","1"
"1886","日死尚禾","1"
"1888","肉棒","1"
"1889","肉洞","1"
"1890","肉壶","1"
"1891","肉穴","1"
"1892","乳房","1"
"1893","乳头","1"
"1894","乳头","1"
"1895","乳腺","1"
"1896","乳晕","1"
"1897","萨达姆","1"
"1898","塞你爸","1"
"1899","塞你公","1"
"1900","塞你老母","1"
"1901","塞你母","1"
"1902","塞你娘","1"
"1903","三去车仑工力","1"
"1904","骚B","1"
"1905","骚包","1"
"1906","骚逼","1"
"1907","骚比","1"
"1908","骚货","1"
"1909","骚鸡","1"
"1910","骚卵","1"
"1911","骚穴","1"
"1912","色咪咪","1"
"1914","杀人犯","1"
"1915","杀人犯","1"
"1917","傻B","1"
"1918","傻b","1"
"1919","傻Ｂ","1"
"1920","傻ｂ","1"
"1921","傻X","1"
"1922","傻屄","1"
"1923","傻逼","1"
"1924","傻比","1"
"1925","傻比","1"
"1926","傻屌","1"
"1927","傻吊","1"
"1928","尚禾","1"
"1929","尚禾 GM","1"
"1930","尚禾GM","1"
"1931","尚禾广告","1"
"1932","尚禾互动娱乐","1"
"1933","尚禾娱乐","1"
"1934","尚和","1"
"1935","社会主义","1"
"1936","射精","1"
"1937","身寸米青","1"
"1938","生春袋","1"
"1939","生孩子没屁眼","1"
"1941","圣战","1"
"1942","湿了还说不要","1"
"1943","十世班禅","1"
"1944","手淫","1"
"1945","兽交","1"
"1946","爽到家","1"
"1947","爽妳","1"
"1948","爽你","1"
"1949","死尚禾","1"
"1950","四人帮","1"
"1951","宋楚瑜","1"
"1952","孙隽","1"
"1953","孙文","1"
"1954","孙逸仙","1"
"1955","孙中山","1"
"1956","他NND","1"
"1957","他妈的","1"
"1958","他吗的","1"
"1959","他奶奶的","1"
"1960","他娘的","1"
"1961","塔利班","1"
"1962","台独","1"
"1963","台独分子","1"
"1964","台独派","1"
"1965","台联","1"
"1966","台湾","1"
"1967","台湾党","1"
"1968","台湾帝国","1"
"1969","台湾独立","1"
"1970","台湾共产党","1"
"1971","台湾共和国","1"
"1972","台湾国","1"
"1973","台湾民国","1"
"1974","天安门","1"
"1975","天皇","1"
"1976","天皇","1"
"1978","田纪云","1"
"1979","怢俜帝国","1"
"1980","怢俜共和国","1"
"1981","怢俜民国","1"
"1983","万里","1"
"1984","汪延","1"
"1985","王八","1"
"1986","王刚","1"
"1987","王震","1"
"1988","猥亵","1"
"1989","尉健行","1"
"1990","慰安妇","1"
"1991","温B","1"
"1992","温b","1"
"1993","温ｂ","1"
"1994","温Ｂ","1"
"1995","温比","1"
"1996","温家宝","1"
"1997","瘟B","1"
"1998","瘟b","1"
"1999","瘟Ｂ","1"
"2000","瘟ｂ","1"
"2001","瘟比","1"
"2003","我操","1"
"2004","我奸","1"
"2005","龌龊","1"
"2006","吴邦国","1"
"2007","吴官正","1"
"2008","吴仪","1"
"2009","吾尔开希","1"
"2010","西藏独立","1"
"2011","西藏独立","1"
"2012","西藏喇嘛","1"
"2013","希拉克","1"
"2014","希特勒","1"
"2016","下J","1"
"2017","下ｊ","1"
"2018","下Ｊ","1"
"2019","下j","1"
"2020","下流","1"
"2021","鲜族","1"
"2022","小B样","1"
"2023","小b样","1"
"2024","小Ｂ样","1"
"2025","小ｂ样","1"
"2026","小比样","1"
"2027","小泉","1"
"2028","小泉纯一郎","1"
"2029","小日本","1"
"2030","新党","1"
"2031","新华社","1"
"2032","新疆独立","1"
"2033","新疆独立","1"
"2034","新手指导员","1"
"2035","新闻出版总署","1"
"2036","新义安","1"
"2037","畜生","1"
"2038","雪特","1"
"2039","阳痿","1"
"2043","一贯道","1"
"2044","一丝不挂","1"
"2045","一中一台","1"
"2046","伊斯兰","1"
"2047","伊斯兰教","1"
"2048","阴唇","1"
"2049","阴道","1"
"2050","阴蒂","1"
"2051","阴茎","1"
"2052","阴茎","1"
"2053","阴毛","1"
"2054","阴穴","1"
"2055","淫","1"
"2056","淫屄","1"
"2057","淫荡","1"
"2058","淫洞","1"
"2059","淫货","1"
"2060","淫贱","1"
"2061","淫湿","1"
"2062","淫水","1"
"2063","淫穴","1"
"2064","淫汁","1"
"2066","又鸟女干","1"
"2067","援交","1"
"2068","杂种","1"
"2069","再奸","1"
"2070","早泄","1"
"2071","早泄","1"
"2072","曾庆红","1"
"2073","扎波波","1"
"2074","扎卡维","1"
"2075","扎卡维是英雄","1"
"2076","赵紫阳","1"
"2078","真 善 忍","1"
"2079","真.善.忍","1"
"2080","真。善。忍","1"
"2081","真理教","1"
"2082","真理教","1"
"2083","真善忍","1"
"2084","真-善-忍","1"
"2085","真世界","1"
"2086","真主","1"
"2087","支那","1"
"2088","支那人","1"
"2089","支那猪","1"
"2090","中共","1"
"2091","中共中央","1"
"2093","中国共产党","1"
"2094","中华民国","1"
"2095","中华人民共和国","1"
"2096","中南海","1"
"2097","中宣部","1"
"2098","中央","1"
"2099","中央电视台","1"
"2100","周恩来","1"
"2101","朱德","1"
"2102","朱镕基","1"
"2103","主席","1"
"2104","转法轮","1"
"2105","装屄","1"
"2106","装逼","1"
"2107","自焚","1"
"2108","总理","1"
"2109","太阳旗","1"
"2110","龙新民","1"
"2111","戎新民","1"
"2112","李东东","1"
"2113","阎晓宏","1"
"2114","孙寿山","1"
"2115","寇晓伟","1"
"2116","疆独","1"
"2117","柳斌杰","1"
"2118","荣新民","1"
"2119","邬书林","1"
"2120","王立英","1"
"2121","寇小伟","1"
"2122","藏独","1"
"2123","王国庆","1"
"2126","官方管理员","1"
"2127","官方送礼专员","1"
"2128","官方抽奖信息","1"
"2129","抽奖","1"
"2130","抽奖专员","1"
"2131","送礼","1"
"2132","奖励","2"
"2133","姦","1"
"2134","奸","1"
"2136","女優","1"
"2137","小泽玛莉亚","1"
"2138","强歼","1"
"2139","乱交","1"
"2140","色友","1"
"2141","婊子","1"
"2142","肉蒲团","1"
"2143","喷尿","1"
"2144","紫界","1"
"2145","妈个B","1"
"2146","妈个b","1"
"2147","妈个Ｂ","1"
"2148","妈个ｂ","1"
"2149","二B","0"
"2150","二b","0"
"2151","二Ｂ","0"
"2152","二ｂ","0"
"2153","QB","0"
"2154","Qb","0"
"2155","QＢ","0"
"2156","Qｂ","0"
"2157","qb","0"
"2158","ＱＢ","0"
"2159","Ｑｂ","0"
"2160","ＱB","0"
"2161","ｑB","0"
"2162","ｑｂ","0"
"2163","ｑＢ","0"
"2164","易当网络 ","2"
"2165","游戏管理员","2"
"2166","游戏管理者","2"
"2167","客服","2"
"2168","客服人员","2"
"2169","游戏指导员","2"
"2170","官方工作员","2"
"2171","官方管理者","2"
"2172","新手指导员","2"
"2173","新手辅导员","2"
"2174","游戏向导","2"
"2175","游戏监督员","2"
"2176","gameone","2"
"2177","GAMEONE","2"
"2178","Gameone","2"
"2179","GameOne","2"
"2180","GaMeOnE","2"
"2181","GAMEone","2"
"2182","gameONE","2"
"2183","ｇａｍｅｏｎｅ","2"
"2184","ＧＡＭＥＯＮＥ","2"
"2185","Ｇａｍｅｏｎｅ","2"
"2186","ＧａｍｅＯｎｅ","2"
"2187","ＧａＭｅＯｎＥ","2"
"2188","ＧＡＭＥｏｎｅ","2"
"2189","ｇａｍｅＯＮＥ","2"
"2190","sex","0"
"2191","shit","0"
"2192","fuck","0"
"2193","FUCK","0"
"2194","F_U_C_K","0"
"2195","F U C K","0"
"2196","f_u_c_k","0"
"2201","admin","0"
"2202","bitch","0"
"2203","gamemaster","0"
"2204","ｓｅｘ","0"
"2205","ｓｈｉｔ","0"
"2206","ｆｕｃｋ","0"
"2207","ｂｉｔｃｈ","0"
"2208","ａｄｍｉｎ","2"
"2209","ｍａｓｔｅｒ","2"
"2210","ｇａｍｅｍａｓｔｅｒ","2"
"2211","ＧａｍｅＭａｓｔｅｒ","2"
"2212","ＧＡＭＥＭＡＳＴＥＲ","2"
"2213","gm","2"
"2214","GM","2"
"2215","GAME_","2"
"2216","Ｇｍ","2"
"2798","色情","0"
"2799","情色","0"
"2800","嫖娼","0"
"2801","卖淫","0"
"2802","淫秽","0"
"2804","援交","0"
"2805","援助交际","0"
"2806","网爱","0"
"2813","我日","0"
"2814","我操","0"
"2815","我奸","0"
"2816","日你","0"
"2817","干你","0"
"2818","操你","0"
"2819","射你","0"
"2820","强奸","0"
"2821","奸你","0"
"2822","插你","0"
"2823","婊子","0"
"2824","妓","0"
"2825","傻B","0"
"2826","傻比","0"
"2827","傻逼","0"
"2828","骚逼","0"
"2829","妈B","0"
"2830","妈逼","0"
"2831","逼样","0"
"2832","妈比","0"
"2833","骚货","0"
"2834","祖宗","0"
"2835","狗日","0"
"2836","屁股","0"
"2837","屁眼","0"
"2838","鸡巴","0"
"2839","鸡8","0"
"2840","鸡奸","0"
"2841","阴茎","0"
"2842","阴毛","0"
"2843","阴唇","0"
"2844","阳具","0"
"2845","性交","0"
"2846","交配","0"
"2847","淫荡","0"
"2848","淫水","0"
"2849","贱货","0"
"2850","卖B","0"
"2851","卖比","0"
"2852","浪叫","0"
"2853","奶子","0"
"2854","乳头","0"
"2855","姘头","0"
"2860","屄","0"
"2861","肏","0"
"2862","奸","0"
"2863","屌","0"
"2868","仆街","0"
"2871","老二","0"
"2873","射精","0"
"2875","王八蛋","0"
"2876","你是鸡","0"
"2877","你是鸭","0"
"2878","烂货","0"
"2879","烂逼","0"
"2880","阴道","0"
"2881","吃屎","0"
"2882","阳萎","0"
"2883","妓院","0"
"2884","骚","0"
"2885","扒光","0"
"2886","干你妈","0"
"2887","淫","0"
"2888","做爱","0"
"2889","外阴","0"
"2891","我靠","0"
"2892","fuck","0"
"2893","bitch","0"
"2895","性爱","0"
"2896","falundafa","0"
"2898","snk.ni8.net","0"
"2899","操你妈","0"
"2900","三级片","0"
"2901","nnd=","0"
"2902","干你娘","0"
"2903","乳房","0"
"2904","cao","0"
"2906","鸡吧","0"
"2907","鸡八","0"
"2908","吃屎","0"
"2909","外挂","0"
"2910","YOUXIKA","0"
"2912","傻b","0"
"2913","傻B","0"
"2914","狗娘养的","0"
"2915","日你妈","0"
"2916","龟儿子","0"
"2918","明慧","0"
"2919","Bastard","0"
"2920","杂种","0"
"2921","下三烂","0"
"2922","下贱","0"
"2924","他奶奶的","0"
"2925","他奶娘的","0"
"2926","他马的","0"
"2927","他妈ㄉ王八蛋","0"
"2928","白烂","0"
"2929","她奶奶的","0"
"2930","她马的","0"
"2931","她妈的","0"
"2933","老味","0"
"2934","你他马的","0"
"2935","你他妈的","0"
"2936","你它马的","0"
"2937","你它妈的","0"
"2938","你她马的","0"
"2939","你娘卡好","0"
"2940","你娘咧","0"
"2941","你马的","0"
"2942","你妈的","0"
"2943","妳她妈的","0"
"2944","妳老母的","0"
"2945","妳娘的","0"
"2946","妳马的","0"
"2947","妳妈的","0"
"2948","狗屁","0"
"2949","肥西","0"
"2950","姣西","0"
"2951","强奸你","0"
"2952","淫西","0"
"2953","淫妇","0"
"2954","几八","0"
"2955","几巴","0"
"2956","几叭","0"
"2957","几芭","0"
"2958","插死你","0"
"2959","塞你公","0"
"2960","塞你母","0"
"2961","塞你老母","0"
"2962","塞你老师","0"
"2963","塞你爸","0"
"2964","塞你娘","0"
"2965","妈的B","0"
"2966","妈个B","0"
"2967","干x娘","0"
"2968","干七八","0"
"2969","干死GM","0"
"2970","干死客服","0"
"2971","干死CS","0"
"2972","干死你","0"
"2973","干你老母","0"
"2974","干你良","0"
"2975","干妳老母","0"
"2976","干妳娘","0"
"2977","干妳马","0"
"2978","干妳妈","0"
"2979","干您娘","0"
"2980","干机掰","0"
"2981","贱B","0"
"2982","贱人","0"
"2983","靠北","0"
"2984","靠母","0"
"2985","靠爸","0"
"2986","靠背","0"
"2987","靠腰","0"
"2988","驶你公","0"
"2989","驶你母","0"
"2990","驶你老母","0"
"2991","驶你老师","0"
"2992","驶你爸","0"
"2993","驶你娘","0"
"2994","操78","0"
"2995","操你全家","0"
"2996","操你老母","0"
"2997","操你老妈","0"
"2998","操你娘","0"
"2999","操你祖宗","0"
"3000","操妳","0"
"3001","操妳全家","0"
"3002","操妳娘","0"
"3003","操妳祖宗","0"
"3004","操妳妈","0"
"3005","操机掰","0"
"3006","机八","0"
"3007","机巴","0"
"3008","机机歪歪","0"
"3009","懆您妈","0"
"3010","懆您娘","0"
"3011","ㄙㄞ你老母","0"
"3012","ㄙㄞ你娘","0"
"3013","ㄙㄞ你爸","0"
"3014","ㄙㄞ你母","0"
"3015","ㄙㄞ你公","0"
"3016","ㄙㄞ你老师","0"
"3017","懒叫","0"
"3018","懒教","0"
"3019","靠腰","0"
"3020","鸡掰","0"
"3021","赛你老母","0"
"3022","赛妳阿母","0"
"3023","鸡叭","0"
"3024","鸡芭","0"
"3025","懒8","0"
"3026","懒八","0"
"3027","赣您娘","0"
"3028","灨你娘","0"
"3029","gan","0"
"3030","他ㄇㄉ  ","0"
"3031","他ㄇ的  ","0"
"3032","死GM","0"
"3033","干拎娘","0"
"3034","ㄐ掰","0"
"3035","ㄐ巴","0"
"3036","ㄐ八","0"
"3038","柯赐海","0"
"3040","连战","0"
"3041","李登辉","0"
"3042","宋楚瑜","0"
"3043","阿扁","0"
"3044","陈水扁","0"
"3045","陈随便","0"
"3046","身寸","0"
"3047","米青","0"
"3048","口合","0"
"3049","口圭","0"
"3050","豖者","0"
"3051","豆页","0"
"3052","木奉","0"
"3053","口交","0"
"3054","胡锦涛","0"
"3055","邓小平","0"
"3056","毛泽东","0"
"3057","江泽民","0"
"3058","李洪志","0"
"3059","法轮功","0"
"3060","法轮大法","0"
"3061","法轮","0"
"3062","草你妈","0"
"3063","日你娘","0"
"3064","草你娘","0"
"3065","你老母","0"
"3066","共产党","0"
"3067","温家宝","0"
"3068","周恩来","0"
"3069","三去车仑工力","0"
"3070","小日本","0"
"3071","他爸爸","0"
"3073","我草","0"
"3075","二逼","0"
"3076","二B","0"
"3077","Q币","0"
"3078","打炮","0"
"3079","打飞机","0"
"3080","打手枪","0"
"3081","淫乱","0"
"3082","颜射","0"
"3083","肛交","0"
"3084","乳交","0"
"3085","群交","0"
"3086","射屏","0"
"3087","潮吹","0"
"3088","自慰","0"
"3089","手淫","0"
"3090","后庭","0"
"3091","诱奸","0"
"3092","轮奸","0"
"3093","迷奸","0"
"3094","群P","0"
"3097","熟女","0"
"3098","人妻","0"
"3099","阴蒂","0"
"3100","阴户","0"
"3101","激情视频","0"
"3102","裸聊","0"
"3103","死全家","0"
"3104","全家死光光","0"
"3105","3P","0"
"3106","sb","0"
"3107","SB","0"
"3108","QB","0"
"3109","gcd","0"
"3110","Fuck","0"
"3111","FUCK","0"
"3112","Fuck you","0"
"3113","shit","0"
"3114","cao","0"
"3115","cao ni ma","0"
"3116","ri","0"
"3117","ri ni ma","0"
"3118","kao","0"
"3119","sex","0"
"3120","porn","0"
"3121","朱镕基","0"
"3122","吴邦国","0"
"3123","李岚清","0"
"3124","荣毅仁","0"
"3125","罗干","0"
"3126","贾庆林","0"
"3127","黄　菊","0"
"3128","吴官正","0"
"3129","李长春","0"
"3130","毛主席","0"
"3131","周总理","0"
"3132","国家主席","0"
"3133","国家总理","0"
"3134","国务院","0"
"3135","中南海","0"
"3136","国民党","0"
"3137","政治局","0"
"3138","主席","0"
"3139","总理","0"
"3140","人大代表","0"
"3141","人大代表大会","0"
"3142","孙中山","0"
"3143","蒋介石","0"
"3144","金正日","0"
"3145","本拉登","0"
"3147","布什","0"
"3148","拉姆斯菲尔德","0"
"3149","克林顿","0"
"3150","小泉纯一郎","0"
"3151","小泉","0"
"3152","普京","0"
"3153","布莱尔","0"
"3154","希拉克","0"
"3155","金日成","0"
"3156","金正日","0"
"3157","萨达姆","0"
"3158","阿拉法特","0"
"3159","穆斯林","0"
"3160","穆罕默德","0"
"3161","安拉","0"
"3165","真理教","0"
"3166","大卫教","0"
"3167","伊斯兰","0"
"3168","阿拉","0"
"3169","高丽棒子","0"
"3170","蒙古达子","0"
"3172","南蛮子","0"
"3173","黑手党","0"
"3174","瘸腿帮","0"
"3175","拉登","0"
"3176","希特勒","0"
"3177","东条英机","0"
"3178","天皇","0"
"3179","法西斯","0"
"3180","扎卡维","0"
"3184","帝国主义","0"
"3185","社会主义","0"
"3186","共产主义","0"
"3187","中国共产党","0"
"3188","东亚病夫","0"
"3189","日本鬼子","0"
"3190","膏药旗","0"
"3191","美国佬","0"
"3192","老毛子","0"
"3193","共匪","0"
"3194","民进党","0"
"3195","亲民党","0"
"3196","圣战","0"
"3197","马英九","0"
"3198","吕秀莲","0"
"3199","达赖","0"
"3200","林彪","0"
"3201","靖国神社","0"
"3202","公安局","0"
"3203","中南海","0"
"3204","中共中央","0"
"3205","天安门","0"
"3206","中央电视台","0"
"3207","新闻出版总署","0"
"3208","中宣部","0"
"3209","新华社","0"
"3210","人民日报","0"
"3211","光明日报","0"
"3212","国家主要部委","0"
"3213","几届中央政治局委员","0"
"3214","台湾独立","0"
"3215","东突暴动","0"
"3217","西藏独立","0"
"3219","杀人犯","0"
"3220","强奸犯","0"
"3221","盗窃犯","0"
"3222","达赖喇嘛","0"
"3223","李宏志","0"
"3224","管理员","0"
"3225","管理人员","0"
"3226","客户服务人员","0"
"3227","Admin","0"
"3228","GM","0"
"3229","GAMEMASTER","0"
"3230","去死","0"
"3232","新党","0"
"3233","台联","0"
"3234","蒋中正","0"
"3235","蒋经国","0"
"3236","孙逸仙","0"
"3237","孙文","0"
"3238","中共","0"
"3239","中国","0"
"3240","中华人民共和国","0"
"3241","中华民国","0"
"3242","台独","0"
"3243","党主席","0"
"3244","朱镕基","0"
"3245","李鹏","0"
"3246","李瑞环","0"
"3247","尉健行","0"
"3256","回教","0"
"3257","密宗","0"
"3258","一贯道","0"
"3259","摩门教","0"
"3260","教官","0"
"3261","指导员","0"
"3262","肛交","0"
"3263","吹喇叭","0"
"3264","屌","0"
"3265","Fuck","0"
"3266","烂人","0"
"3267","Bitch","0"
"3268","上你","0"
"3269","干妳","0"
"3270","上妳","0"
"3271","六四","0"
"3274","曾庆红","0"
"3275","黄菊","0"
"3276","王兆国","0"
"3277","回良玉","0"
"3278","刘淇","0"
"3279","刘云山","0"
"3280","吴仪","0"
"3281","张德江","0"
"3282","陈良宇","0"
"3283","周永康","0"
"3284","俞正声","0"
"3285","贺国强","0"
"3286","郭伯雄","0"
"3287","曹刚川","0"
"3288","曾培炎","0"
"3289","王刚","0"
"3290","东突暴动和独立","0"
"3291","JB","0"
"3292","SB","0"
"3293","扎卡维是英雄","0"
"3294","阿扁万岁","0"
"3295","回族人吃猪肉","0"
"3296","陆小凤","2"
"3297","西门吹雪","2"
"3298","叶孤城","2"
"3299","楚留香","2"
"3300","张菁","2"
"3301","上官金虹","2"
"3302","李寻欢","2"
"3303","叶开","2"
"3304","俞佩玉","2"
"3305","萧十一郎","2"
"3306","沈浪","2"
"3307","快活王","2"
"3308","傅红雪","2"
"3309","谢晓峰","2"
"3310","燕十三","2"
"3311","丁鹏","2"
"3312","花满楼","2"
"3313","木道人","2"
"3314","宫九","2"
"3315","原随云","2"
"3316","慕容秋荻","2"
"3317","天机老人","2"
"3318","阿飞","2"
"3319","老实和尚","2"
"3320","胡铁花","2"
"3321","中原一点红","2"
"3322","燕南天","2"
"3323","邀月","2"
"3324","江小鱼","2"
"3325","花无缺","2"
"3326","白云生","2"
"3327","丁喜","2"
"3328","小马","2"
"3329","孟星魂","2"
"3330","公子羽 ","2"
"3331","司空摘星","2"
"3332","明月心","2"
"3333","律香川","2"
"3334","皇帝","2"
"3335","HTTP","0"
"3336","H TTP","0"
"3337","H T TP","0"
"3338","H TT P","0"
"3339","HT TP","0"
"3340","H T T P","0"
"3341","H TT p","0"
"3342","Htt P","0"
"3343","http","0"
"3344","h ttp","0"
"3345","h t tp","0"
"3346","ht t p","0"
"3347","h t t p","0"
"3348","ht tp","0"
"3349","www.","0"
"3350","W w w.","0"
"3351","Ww w.","0"
"3352","W ww .","0"
"3353",".com","0"
"3354",".c o m","0"
"3355",".co m","0"
"3356",".c om","0"
"3357",".cn","0"
"3358",".c n","0"
"3359",".net","0"
"3360",".n e t","0"
"3361",".ne t","0"
"3362",".n et","0"
"3363","www.hf258.cn","0"
"3364","http://mg.22ra.cn/","0"
"3365","mg.22ra.cn","1"
"3366","22ra","1"
"3367","cn","1"
"3368","com","1"
"3369","org","1"
"3370","net","1"
"3371","51hit","1"
"3372","代 练","0"
"3373","代.练.","0"
"3374","代。练。","0"
"3375","代练","0"
"3376","承接代练","0"
"3377","简单游","0"
"3378","简 单 游","0"
"3379","简单游","0"
"3380","简.单.游","0"
"3381","简。单。游","0"
"3382","世纪网络","0"
"3383","时代网络","0"
"3384","时代代练","0"
"3385","网易","1"
"3386"," 法*轮","1"
"3387","真*善*美","1"
"3388","5173","0"
"3389","淘宝","0"
"3390","Game","0"
"3391","逍遥传说","0"
"3392","小浒Q传","0"
"3393","水浒Q传","0"
"3394","问道","0"
"3395","水浒2","0"
"3396","大话西游","0"
"3397","大话2","0"
"3398","懒人外挂","1"
"3399","古龙天行者","1"
"3400","梦幻芭比","1"
"3401","智能帮手压镖","1"
"3402","轻松玩","1"
"3403","脱机","1"
"3404","mg","0"
"3405","小浒Q传","0"
"3406","懒人外挂","0"
"3407","日本","0"
"3408","大日本帝国","0"
"3409","梦幻绿色伴侣","0"
"3410","西游Q传","0"
"3411","古龙使者","0"
"3412","梦幻精灵","0"
"3413","私服","0"
"3414","一夜情","0"
"3415","时代销售","0"
"3416","#","2"
"3417","系统","2"
"3418","系統","2"
"3419","\","2"
"3420","/","2"
