"id","type","name"
"1","0","赵"
"2","0","钱"
"3","0","孙"
"4","0","李"
"5","0","周"
"6","0","吴"
"7","0","郑"
"8","0","王"
"9","0","冯"
"10","0","陈"
"11","0","褚"
"12","0","卫"
"13","0","蒋"
"14","0","沈"
"15","0","韩"
"16","0","杨"
"17","0","朱"
"18","0","秦"
"19","0","尤"
"20","0","许"
"21","0","何"
"22","0","吕"
"23","0","施"
"24","0","张"
"25","0","孔"
"26","0","曹"
"27","0","严"
"28","0","华"
"29","0","金"
"30","0","魏"
"31","0","陶"
"32","0","姜"
"33","0","戚"
"34","0","谢"
"35","0","邹"
"36","0","喻"
"37","0","柏"
"38","0","水"
"39","0","窦"
"40","0","章"
"41","0","云"
"42","0","苏"
"43","0","潘"
"44","0","葛"
"45","0","奚"
"46","0","范"
"47","0","彭"
"48","0","郎"
"49","0","鲁"
"50","0","韦"
"51","0","昌"
"52","0","马"
"53","0","苗"
"54","0","凤"
"55","0","花"
"56","0","方"
"57","0","俞"
"58","0","任"
"59","0","袁"
"60","0","柳"
"61","0","酆"
"62","0","鲍"
"63","0","史"
"64","0","唐"
"65","0","费"
"66","0","廉"
"67","0","岑"
"68","0","薛"
"69","0","雷"
"70","0","贺"
"71","0","倪"
"72","0","汤"
"73","0","滕"
"74","0","殷"
"75","0","罗"
"76","0","毕"
"77","0","郝"
"78","0","邬"
"79","0","安"
"80","0","常"
"81","0","乐"
"82","0","于"
"83","0","时"
"84","0","傅"
"85","0","皮"
"86","0","卞"
"87","0","齐"
"88","0","康"
"89","0","伍"
"90","0","余"
"91","0","元"
"92","0","卜"
"93","0","顾"
"94","0","孟"
"95","0","平"
"96","0","黄"
"97","0","和"
"98","0","穆"
"99","0","萧"
"100","0","尹"
"101","0","姚"
"102","0","邵"
"103","0","湛"
"104","0","汪"
"105","0","祁"
"106","0","毛"
"107","0","禹"
"108","0","狄"
"109","0","米"
"110","0","贝"
"111","0","明"
"112","0","臧"
"113","0","计"
"114","0","伏"
"115","0","成"
"116","0","戴"
"117","0","谈"
"118","0","宋"
"119","0","茅"
"120","0","庞"
"121","0","熊"
"122","0","纪"
"123","0","舒"
"124","0","屈"
"125","0","项"
"126","0","祝"
"127","0","董"
"128","0","梁"
"129","0","杜"
"130","0","阮"
"131","0","蓝"
"132","0","闵"
"133","0","席"
"134","0","季"
"135","0","麻"
"136","0","强"
"137","0","贾"
"138","0","路"
"139","0","娄"
"140","0","危"
"141","0","江"
"142","0","童"
"143","0","颜"
"144","0","郭"
"145","0","梅"
"146","0","盛"
"147","0","林"
"148","0","刁"
"149","0","钟"
"150","0","徐"
"151","0","邱"
"152","0","骆"
"153","0","高"
"154","0","夏"
"155","0","蔡"
"156","0","田"
"157","0","樊"
"158","0","胡"
"159","0","凌"
"160","0","霍"
"161","0","虞"
"162","0","万"
"163","0","支"
"164","0","柯"
"165","0","昝"
"166","0","管"
"167","0","卢"
"168","0","莫"
"169","0","柯"
"170","0","房"
"171","0","裘"
"172","0","缪"
"173","0","干"
"174","0","解"
"175","0","应"
"176","0","宗"
"177","0","丁"
"178","0","宣"
"179","0","贲"
"180","0","邓"
"181","0","郁"
"182","0","单"
"183","0","杭"
"184","0","洪"
"185","0","包"
"186","0","诸"
"187","0","左"
"188","0","石"
"189","0","崔"
"190","0","吉"
"191","0","钮"
"192","0","龚"
"193","0","程"
"194","0","嵇"
"195","0","邢"
"196","0","滑"
"197","0","裴"
"198","0","陆"
"199","0","荣"
"200","0","翁"
"201","0","荀"
"202","0","羊"
"203","0","于"
"204","0","惠"
"205","0","甄"
"206","0","曲"
"207","0","家"
"208","0","封"
"209","0","芮"
"210","0","羿"
"211","0","储"
"212","0","靳"
"213","0","汲"
"214","0","邴"
"215","0","糜"
"216","0","松"
"217","0","井"
"218","0","段"
"219","0","富"
"220","0","巫"
"221","0","乌"
"222","0","焦"
"223","0","巴"
"224","0","弓"
"225","0","牧"
"226","0","隗"
"227","0","山"
"228","0","谷"
"229","0","车"
"230","0","侯"
"231","0","宓"
"232","0","蓬"
"233","0","全"
"234","0","郗"
"235","0","班"
"236","0","仰"
"237","0","秋"
"238","0","仲"
"239","0","伊"
"240","0","宫"
"241","0","宁"
"242","0","仇"
"243","0","栾"
"244","0","暴"
"245","0","甘"
"246","0","钭"
"247","0","历"
"248","0","戎"
"249","0","祖"
"250","0","武"
"251","0","符"
"252","0","刘"
"253","0","景"
"254","0","詹"
"255","0","束"
"256","0","龙"
"257","0","叶"
"258","0","幸"
"259","0","司"
"260","0","韶"
"261","0","郜"
"262","0","黎"
"263","0","蓟"
"264","0","溥"
"265","0","印"
"266","0","宿"
"267","0","白"
"268","0","怀"
"269","0","蒲"
"270","0","邰"
"271","0","从"
"272","0","鄂"
"273","0","索"
"274","0","咸"
"275","0","籍"
"276","0","赖"
"277","0","卓"
"278","0","蔺"
"279","0","屠"
"280","0","蒙"
"281","0","池"
"282","0","乔"
"283","0","阳"
"284","0","郁"
"285","0","胥"
"286","0","能"
"287","0","苍"
"288","0","双"
"289","0","闻"
"290","0","莘"
"291","0","党"
"292","0","翟"
"293","0","谭"
"294","0","贡"
"295","0","劳"
"296","0","逄"
"297","0","姬"
"298","0","申"
"299","0","扶"
"300","0","堵"
"301","0","冉"
"302","0","宰"
"303","0","郦"
"304","0","雍"
"305","0","却"
"306","0","璩"
"307","0","桑"
"308","0","桂"
"309","0","濮"
"310","0","牛"
"311","0","寿"
"312","0","通"
"313","0","边"
"314","0","扈"
"315","0","燕"
"316","0","冀"
"317","0","浦"
"318","0","尚"
"319","0","农"
"320","0","温"
"321","0","别"
"322","0","庄"
"323","0","晏"
"324","0","柴"
"325","0","瞿"
"326","0","阎"
"327","0","充"
"328","0","慕"
"329","0","连"
"330","0","茹"
"331","0","习"
"332","0","宦"
"333","0","艾"
"334","0","鱼"
"335","0","容"
"336","0","向"
"337","0","古"
"338","0","易"
"339","0","慎"
"340","0","戈"
"341","0","廖"
"342","0","庾"
"343","0","终"
"344","0","暨"
"345","0","居"
"346","0","衡"
"347","0","步"
"348","0","都"
"349","0","耿"
"350","0","满"
"351","0","弘"
"352","0","匡"
"353","0","国"
"354","0","文"
"355","0","寇"
"356","0","广"
"357","0","禄"
"358","0","阙"
"359","0","东"
"360","0","欧"
"361","0","殳"
"362","0","沃"
"363","0","利"
"364","0","蔚"
"365","0","越"
"366","0","夔"
"367","0","隆"
"368","0","师"
"369","0","巩"
"370","0","厍"
"371","0","聂"
"372","0","晁"
"373","0","勾"
"374","0","敖"
"375","0","融"
"376","0","冷"
"377","0","訾"
"378","0","辛"
"379","0","阚"
"380","0","那"
"381","0","简"
"382","0","饶"
"383","0","空"
"384","0","曾"
"385","0","毋"
"386","0","沙"
"387","0","乜"
"388","0","养"
"389","0","鞠"
"390","0","须"
"391","0","丰"
"392","0","巢"
"393","0","关"
"394","0","蒯"
"395","0","相"
"396","0","查"
"397","0","后"
"398","0","荆"
"399","0","红"
"400","0","游"
"401","0","竺"
"402","0","权"
"403","0","逮"
"404","0","盍"
"405","0","益"
"406","0","桓"
"407","0","公"
"408","0","万俟"
"409","0","司马"
"410","0","上官"
"411","0","欧阳"
"412","0","夏侯"
"413","0","诸葛"
"414","0","闻人"
"415","0","东方"
"416","0","赫连"
"417","0","皇甫"
"418","0","尉迟"
"419","0","公羊"
"420","0","澹台"
"421","0","公冶"
"422","0","宗政"
"423","0","濮阳"
"424","0","淳于"
"425","0","单于"
"426","0","太叔"
"427","0","申屠"
"428","0","公孙"
"429","0","仲孙"
"430","0","轩辕"
"431","0","令狐"
"432","0","徐离"
"433","0","宇文"
"434","0","长孙"
"435","0","慕容"
"436","0","司徒"
"437","0","司空"
"438","1","春"
"439","1","夏"
"440","1","秋"
"441","1","冬"
"442","1","梅"
"443","1","蘭"
"444","1","竹"
"445","1","菊"
"446","1","風"
"447","1","花"
"448","1","雪"
"449","1","月"
"450","1","雨"
"451","1","雲"
"452","1","晴"
"453","1","美"
"454","1","麗"
"455","1","嬌"
"456","1","柔"
"457","1","玉"
"458","1","潔"
"459","1","冰"
"460","1","青"
"461","1","貞"
"462","1","娘"
"463","1","女"
"464","1","子"
