"question_id","answer","description","option1","option2","option3","option4"
"1","3","最先发现了白色光组成的是","爱迪生","爱因斯坦","牛顿","伽利略"
"2","4","最早的温度计是","电阻温度计","光测温度计","湿度温度计","空气温度计"
"3","3","遵义会议批评揭发了第几次反围剿的错误？","第四次","第六次","第五次","第三次"
"4","1","最早期的热气球是用来做什么的？","空中监视","天气预报","空中旅行","空中测试"
"5","1","最低的盆地是哪个？","四川盆地","塔里木盆地","陵南盆地","新疆盆地"
"6","3","紫土地是指我国哪个地形区域的土地？","塔里木盆地","新疆盆地","四川盆地","黄土高坡"
"7","4","著名的四大名旦是梅兰芳、程砚秋、尚小云以及_","孟小冬","谭鑫培","王九龄","荀慧生"
"8","4","在俄罗斯一共有多少种语言呢？","132种","142种","152种","122种"
"9","2","在非洲和亚洲一共有多少种穿山甲？","10种","7种","8种","9种"
"10","2","在肺循环中，流出肺的血液将首先进入心脏的_____","大动脉","右心室","左心室","心血管"
"11","2","在哪一年，叶剑英被授予元帅军衔?","1958年","1955年","1956年","1957年"
"12","3","在美国北部联邦政府和南部邦联州之间进行的美国内战起始于那一年？","1863年","1864年","1861年","1862年"
"13","4","在泰国，百分之九十以上的人信仰_____","基督教","喇嘛教","道教","佛教"
"14","4","在我国，邮政汇票的每笔汇款最高金额为_____","50000元","100000元","1000000元","10000元"
"15","4","在我国最高星级的冰箱能降到零下几度？","21","30","35","18"
"16","2","在中国5月份的第二个星期日是什么节?","家庭日","母亲节","父亲节","亲子日"
"17","1","债券按期限的长短可分几种类型？","3","4","5","6"
"18","2","造有色玻璃，在原料里加入氧化钴，玻璃呈_____","绿色","蓝色","红色","紫色"
"19","3","在自然界中，冬虫夏草是生长过程中较少见的一种奇特药材，仅分布于青藏，云贵高原地区海拔多少米雪线的高山上？","4500—5500","6000—7000","3500-4500","2000—3000"
"20","4","在珍珠港战役中，美国共损失了几艘航母？","1艘","2艘","3艘","0艘"
"21","3","在野外作战时如果被有毒的昆虫蜇伤应用药物消毒，请问蒜汁对下面哪一种昆虫咬伤有疗效","蝎子","甲壳虫","蜈蚣","毒蛇"
"22","3","在野外如果吃了有毒的蘑菇，你应该立即_____","再吃点蘑菇","马上吃药","大量喝水","催吐"
"23","3","在亚洲最早建立战略导弹部队的是哪一个国家？","韩国","朝鲜","中国","日本"
"24","3","在食品旁边，或在肉上放一些什么，苍蝇就不会爬上去？","葱","生姜","花椒","大蒜"
"25","4","在什么时间，中华人民共和国民政部追认张自忠为革命烈士？","1983年","1984年","1985年","1982年"
"26","4","在伤口愈合时不宜食用_____","食醋","盐","糖","酱油"
"27","4","在哪一年铁木真在斡难河（今蒙古鄂嫩河）源召开忽里台大会，即蒙古国大汗位，号成吉思汗?","1306年","1406年","1506年","1206年"
"28","1","在哪一年麦克阿瑟宣誓就任美国陆军最高军职枣陆军参谋长，成为美国有史以来最年轻的陆军参谋长?","1930年","1940年","1950年","1960年"
"29","1","在欧美人眼里，蓝紫罗兰代表?","诚实","亲情","尊敬","天真"
"30","1","问下面哪一次中东战争是由阿拉伯国家首先进攻的？","第四次","第五次","第六次","第七次"
"31","1","在第一张报纸出现之前是哪个国家的人最先在大字报纸上读新闻？","德国","美国","英国","韩国"
"32","4","造纸产生的黑液污染是很严重，每生产1吨纸浆会排出几吨黑液？","8吨","6吨","4吨","10吨"
"33","2","在中国现代文坛上，以诗歌为主的作家是_____","鲁迅","艾青","郭沫若","老舍"
"34","1","在中国，重庆市巫山县发现的巫山人化石，距今有多少万年？","200","300","400","500"
"35","2","空气在约－218℃（55K）时变成雪花状的固体，颜色是_____","透明色","淡蓝色","紫红色","白色"
"36","3","在狭窄的坡路上双方车辆相遇时应该_____","两车并行而过","都不过","下坡车让上坡车先行","上坡车让下坡车先行"
"37","4","在我国每年什么时候是进行海水浴最理想的时间？","5—6月","8—10月","12—1月","7-9月"
"38","2","正常人体体细胞有多少条染色体？","43条","46条","45条","44条"
"39","3","直升机停在半空中时，它的旋翼是_____","转动一阵子停下来","不会动","仍在转动","暂时停止"
"40","3","中国第一个开发的海底油田位置在_____","南海","青海","渤海","黄海"
"41","3","中国历史上第一个王朝时代是_____","周","秦","夏","商"
"42","4","中国气象部门以多长时间内的降水量来区分雨的大小？","12时间","6时间","3时间","24时间"
"43","2","中国早在什么时候就已开始养蚕、缫丝了？","1000到2000年前","4000到5000年前","3000到4000年前","2000到3000年前"
"44","2","盅碗舞是哪个民族的舞蹈?","维吾尔族","蒙古族","傣族","羌族"
"45","4","世界上最低的地方是？","琼州海峡","北美洲峡谷","东非大峡谷","马里亚纳海沟"
"46","2","《全唐诗》是哪个时期的人编辑的？","元朝","清朝","唐朝","明朝"
"47","4","荷兰是国花是（）？","桂花","番石榴花","紫藤花","郁金香"
"48","2","四川民族众多，其中有我国唯一的（）族聚居区。","藏","羌","侗","傣"
"49","2","乐山大佛历经（）年方才建成。","150年","90年","100年","120年"
"50","3","杜甫草堂是杜甫流寓成都时的居所，下面哪首是杜甫在成都创作的诗歌是（）？","《 画鹰》","《龙门》","《春夜喜雨》","《望岳》"
"51","1","都江堰工程的修建时期为（）时期。","战国","秦朝","三国","唐朝"
"52","1","德国人是名副其实的“大块吃肉、大口喝酒”的民族--吃猪肉喝啤酒。据统计，德国人每人每年的猪肉消耗量为_________公斤，居世界首位。","65","75","85","95"
"53","2","世界上最古老的花城是我国唐朝时的长安城，当时有花3000余种，您知道那时的长安城是现在的什么地方吗？","南京","西安","北京","杭州"
"54","4","有关资料显示，一粒纽扣电池可使600吨水受到污染，相当于一个人一生的饮水量。请问一节一号电池烂在地里，会使多少平方米的土壤永久失去利用价值？","2","3","4","1"
"55","4","在格拉芙的职业生涯中一共获得了22项大满贯赛事冠军，并且占据世界头号排名长达_________周之久。","477","577","677","377"
"56","4","奥运会史上第一个点燃奥林匹克圣火的女性是谁？","诺玛","郭晶晶","福原爱","巴西利奥"
"57","2","“分，分，司机的命根”，根据《北京机动车驾驶员违章扣分标准》，你知道在北京醉酒后驾驶机动车要扣多少分吗？","6","12","10","8"
"58","4","世界上有许多形形色色的博物馆，其中“活马博物馆”在哪国？","德国","荷兰","英国","法国"
"59","4","新婚夫妇都讲究度“蜜月”，据说度蜜月的风俗起源于德国的古条顿人，男女举行婚礼后要到风景优美的地方，且每天都要喝蜜糖水或是蜜酿成的酒，连喝多少天不得中断，以示幸福生活的开始？","40","50","60","30"
"60","2","“都一处”是以做烧麦闻名京城的百年老店，原是做小本生意的“王记酒铺”，经_________皇帝更名“都一处”并亲笔赐匾后生意红火，名声大噪。","嘉庆","乾隆","康熙","雍正"
"61","4","_________是第一个发现琥珀的国家，波罗的海附近的国家如瑞典、德国、波兰、乌克兰等国皆产琥珀，其他如中国、缅甸、中国尼加、意大利、罗马尼亚等国也产有各具特色的琥珀。","瑞典","波兰","法国","丹麦"
"62","2","号称“布鲁塞尔第一公民”的“撒尿小男孩”铜像，已拥有_________件各式各样的服装。","190","160","170","180"
"63","3","我国第一例成功的断肢再植手术是在哪家医院做成的？","北京军医院","南京第一医院","上海第六人民医院","上海第七人民医院"
"64","3","人的自我意识是从什么时候产生的？","3岁左右","4岁左右","1岁左右","2岁左右"
"65","3","老年糖尿病人最基本的治疗方法是？","气功疗法","针灸疗法","饮食疗法","锻炼疗法"
"66","3","一滴水环游世界所有的海区需要多长时间？","50年","5年","5000年","500年"
"67","2","以地球与月球的平均距离计算，光在地球和月球之间往返一次约需多长时间？","5.6秒","2.6秒","3.6秒","4.6秒"
"68","4","上海申办世博会成功，该世博会将在哪年举行？","2011年","2012年","2013年","2010年"
"69","3","黄河多少岁？","75万岁","85万岁","55万年","65万岁"
"70","3","不在地球自传轴方向上的星座，黄昏时在东方天空，到黎明时它会出现在？","北方的天空上","南方的天空上","西方的天空上","东方的天空上"
"71","1","世界海拔最高的隧道在？","中国","印度","美国","日本"
"72","3","欧洲最高峰在哪个国家？","北爱尔兰","挪威","法国","米兰"
"73","2","世界上哪个国家没有猫？","法国","马尔代夫","德国","乌克兰"
"74","1","河西走廊全长？","1200公里","1300公里","1400公里","1500公里"
"75","1","乾隆皇帝把“天下第一泉”美名给了哪个泉？","趵突泉","云泉","五里泉","谷帘泉"
"76","3","MP3是一种什么文件格式？","数据文件","格式化文件","音乐文件","文本文件"
"77","2","“博斯腾湖”维吾尔语的意思是什么？","源泉","绿洲","美丽的","生命"
"78","4","世界上哪个国家最早使用手印？","印度","阿拉伯","英国","中国"
"79","2","什么被称为百味之首？","醋","盐","糖","味精"
"80","2","陈寿的《三国志》共多少卷？","70","65","68","69"
"81","3","得“七绝圣手”之名的诗人是谁？","杜甫","李白","王昌龄","柳公权"
"82","4","“寿比南山”中的“南山”是指哪个省的一座山？","广东省佛山市","云南省乐山市","浙江省杭州市","山东省云门山"
"83","4","联合国教科文组织于____年通过《世界遗产决议》？","1974年","1975年","1976年","1973年"
"84","3","音乐大师莫扎特出生在奥地利的___","萨尔斯堡","富金","萨尔茨堡","维也纳"
"85","3","被誉为奥地利“第二国歌”的是哪首乐曲？","《嬉游曲》","《协奏曲》","《蓝色多瑙河》","《小夜曲》"
"86","4","“冬天来了，春天还会远吗？”是哪位诗人的诗句？","济慈","拜伦","玛丽","雪莱"
"87","2","美国的载人宇宙飞行始于____年","1981年","1961年","1971年","1951年"
"88","3","《不扩散核武器条约》于____年签署","1969年","1970年","1968年","1967年"
"89","3","狮子座流星雨通常发生在每年____左右","7月","5月","3月","4月"
"90","2","全世界有史以来开采的黄金总量为__万吨","17","14","15","16"
"91","2","音乐家舒伯特是哪国人？","英国","奥地利","挪威","法国"
"92","3","晁盖等人在哪里夺取的生辰纲？","猛虎冈","饿虎冈","黄泥冈","生辰冈"
"93","2","劳动合同中，试用期最长不得超过多久？","3个月","6个月","5个月","4个月"
"94","4","法定节假日安排劳动者工作的，报酬不得低于工资的","5倍","7倍","9倍","3倍"
"95","2","PT股票下跌多少算跌停？","跌停到30%","没有跌停","跌停到10%","跌停到20%"
"96","3","试用期内，劳动者何时可以通知用人单位解除劳动合同？","十日前","一月前","随时","一周前"
"97","3","形容股市的大幅振荡的情况叫做什么？","熊市","狗市","猴市","牛市"
"98","1","人体内含有的染色体数为","23对","46对","25对","50对"
"99","3","我国古代被称为药王的著名医学家是_____","扁鹊","华佗","孙思邈","李时珍"
"100","1","我国文学史上流传的佳句“但愿人长久，千里共婵娟”是北宋诗人()的作品。","苏轼","苏洵","苏辙","王安石"
"101","2","发现行星运动之定律的天文学家是","罗素","开普勒","牛顿","爱因斯坦"
"102","1","阿波罗号宇宙飞船是飞达月球的时间是_____","1969年","1968年","1985年","1984年"
"103","2","最早发明汽车的人是_____","德国人哥德利普·戴姆勒","德国发明家本茨","法国工程师古诺","意大利科学家沃尔兹"
"104","3","我国最早的数学著作是_____","《孙子算经》","《夏侯阳算经》","《周髀算经》","《九章算术》"
"105","1","很多人都认为梳头只是打理个人形象的问题，其实梳头有很大的学问，俗语中就有“每天梳头十分钟，预防_________”的说法。","脑中风","高血压","低血压","瘫痪"
"106","2","每个国家都有不同的风俗习惯和有趣的节日，你知道古罗马时代的牧神节是一个什么样的节日吗？","朋友们的节日","情侣们的节日","父母的节日","老师的节日"
"107","4","小步舞曲原为_____国土风舞，一种三拍子的舞曲，约在1650年传入宫廷，逐步变成速度徐缓、风格典雅的舞曲，流行于贵族社会。","德国","荷兰","英国","法国"
"108","1","猪肝含有多种营养物质，但不少人并不知道，猪肝食用前要去毒。由于猪肝中的毒血液分散存留在数以万计的肝血中，因此买回猪肝后要在自来水笼头上冲洗一下，然后放置盆内浸泡1-2_________，去掉残血。","小时","分钟","天","月"
"109","2","人在体育锻炼后，应多吃些富含_________性的食物，如水果、蔬菜、豆制品等，以利于保持人体内酸碱度的基本平衡，保持人体健康，尽快消除运动带来的疲劳。","锡","碱","铁","锌"
"110","1","你知道“东床快婿”的典故出自下面哪位人物吗？","王羲之","王安石","苏轼","唐伯虎"
"111","2","2003年NBA最新宣传片由来自中国的小巨人姚明挑大梁，在片中姚明要表演一项他从来没有练过的运动，您知道是什么吗？","跳水","太极拳","体操","跳高"
"112","1","不少年轻父母晚上睡觉时，喜欢把孩子放在父母中间，这对孩子的健康是十分有害的，成人脑组织的耗氧量约占全身耗氧量的20％，而婴幼儿可高达_________％。婴儿若睡在父母中间，会使孩子处于一个缺氧和高浓度二氧化碳的环境中。","50","60","70","80"
"113","2","紫檀的生长期极其缓慢，每_________年才长粗3厘米，八九百年乃至上千年才能长成材。","400年","100年","200年","300年"
"114","2","《勇敢的心》是一部描写苏格兰民众反抗英王暴政的史诗巨片，影片的导演和男主角均由谁来担当？","李奥纳多·迪卡普里奥","梅尔．吉布森","威尔·布鲁斯","小罗伯特·唐尼"
"115","3","吃富含下列哪种维生素的食物能使皮肤保持白皙？","维生素A","维生素D","维生素E","维生素B"
"116","4","现在实行的全国统一鞋号，是以脚长为基础，以_________毫米为一个号","15","18","20","10"
"117","2","西安饺子宴被称做“天下一鲜”、“华夏一绝”，自1984年推出以来已有几百个不同花色的饺子，分为百花宴、牡丹宴、龙凤宴、宫廷宴、八珍宴等几个档次。请问西安饺子宴诞生于以下哪家饭店","春华楼","解放路饺子馆","解元馆","状元楼"
"118","3","马拉松赛跑是为了纪念为了尽快传递胜利的喜讯，从马拉松城一直跑到雅典而牺牲的斐利皮德斯而设立的，您知道马拉松赛跑的距离是42公里_________米吗？","194","205","195","196"
"119","1","涤羊毛织物的最佳水温是____","25","28","18","27"
"120","1","多数研究表明，眉毛的生长周期为几个月?","2","3","4","5"
"121","1","一杯品制良好的咖啡，冷却之后除了香味减少之外，口感的表现甚至会比温度热时更好。但因为咖啡本质的不稳定性，所以大多鼓励趁咖啡热时就饮用，你知道咖啡最佳的饮用温度是摄氏多少度吗？","85~88","67~68","55~57","36~38"
"122","3","农历七月十五日是民间俗称的“鬼节”，也称为“盂兰盆节”，您知道还叫_________节吗？","七夕","重阳","中元","中秋"
"123","3","北京有一个书屋叫“古格书吧”,专门介绍西藏文化,你知道它在什么地方吗？","秀水街","隆福寺街","法华寺街","王府井大街"
"124","3","未煮熟的豆浆可能含有胰抑制酶、皂甙等物质，食后会引起恶心呕吐、腹胀等中毒症状，因此豆浆一定要煮沸几分钟才可以食用呢？","11~15分钟","25~30分钟","5-10分钟","1~3分钟"
"125","4","请问由成都飞机工业公司制造的哪种战斗机将明显提高解放军的空战能力？","歼-11","歼-12","歼-13","歼-10"
"126","3","1952年，我国举办了第一届全国评酒会，评出白酒四大名酒，你知道这四大名酒是什么？","茅台、大曲、泸州老窖、西凤酒","五粮液、茅台、小曲、汾酒","茅台、汾酒、泸州老窖、西凤酒","大曲、小曲、麸曲、串香
"
"127","1","请问下面哪种洗发剂能防止面部出现皱纹或减轻皱纹？","酸性洗发剂","碱性洗发剂","含硒洗发剂","含碘洗发剂"
"128","2","空姐最早出现在哪个国家？","德国","美国","英国","法国"
"129","4","世界杯足球赛是仅次于奥运会的世界级比赛，你知道第一届世界杯足球赛是在哪里举办的？","英国","法国","德国","美国"
"130","3","2002年11月_________日，首个世界慢性阻塞性肺疾病日成立。“慢阻肺”是一种慢性进行性呼吸道疾病，是慢性支气管炎和肺气肿的总称，与艾滋病并列的第四大致死原因。","17","19","20","15"
"131","1","月季花姿秀美，花色绮丽，国外尊称它为“花中皇后”，你知道月季原产于哪个国家吗？","中国","法国","荷兰","日本"
"132","1","圣诞节的时候，除了圣诞树、圣诞礼物，圣诞大餐是不可或缺的，您知道圣诞大餐上的主菜是什么吗？","火鸡大餐","猪扒大餐","牛扒大餐","鸵鸟大餐"
"133","3","世界淡水资源的65％集中在10个国家,我国____","第6","第7","第4","第5"
"134","3","太阳系九大行星中，卫星数量仅次于土星的是_____","冥王星","海王星","木星","金星"
"135","1","“抗坏血病维生素”是以下哪种维生素____","维生素c","维生素B","维生素A","维生素D"
"136","1","1955年4月11日发生了震惊中外的克什米尔公主号事件，谋杀对象本是:","周恩来","毛泽东","朱德","彭德怀"
"137","3","哪部书不属巴金的《爱情》三部曲?","《春》","《风》","《秋》","《家》"
"138","4","我国“义务教育”与“普及教育”的最重要区别在于?","不收费原则","义务性","公民自主性","强制性"
"139","3","年轮并非树木独有，人类和许多动物也有年轮，只是表现的形式不同罢了。人的年轮在?","脚心","大腿","头颅","手心"
"140","2","一天之中什么时候的空气最新鲜?","晚7点到早10点这一阶段","晚7点到早7点这一阶段","晚7点到早8点这一阶段","晚7点到早9点这一阶段"
"141","1","沙狐球在中国是个全新的时尚运动，近来受到越来越多人士的钟爱，作为一种休闲消遣游戏，你知道它起源于15世纪的_________国吗？","英","法","德","俄"
"142","4","我们经常担心使用微波炉时身体会受到微波泄漏的伤害，其实微波炉微波的频率是_________兆赫，这种微波不能透入人体内部的器官和组织，只能使皮肤和体表组织发热而已。","2460","2470","2480","2450"
"143","4","重阳节又称“老人节”，人们在这一天有插茱萸，饮_________酒，登山，吃重阳糕等风俗。","兰花","梨花","梅花","菊花"
"144","1","健胃制酸药应该什么时候服用？","饭前","饭后","起床后","睡前"
"145","4","世界上妇女最早取得选举权的国家是芬兰，始于_________年。","1907年","1908年","1909年","1906年"
"146","2","现在的北极星是小熊座α型星，但是通过电脑我们可以精确计算出，公元3000年时占据北极位置的却是天龙座α型星。在古希腊时代，北极星是小熊座β型星；到了公元14000年，它将变成____","启明星","织女星","大熊星","牛郎星"
"147","2","一般人的第一个梦的梦境的持续时间约为5~15分钟（平均约为10分钟），请问人在一夜内大约要做几个梦？","8-9个","4-6个","6-7个","7-8个"
"148","3","德国著名作曲家门德尔松在_________岁完成了《仲夏夜之梦序曲》的创作。","18","19","17","16"
"149","1","您知道世界环境日是每年的几月几日吗？","6月5日","7月5日","8月5日","9月5日"
"150","2","你知道国际足联最近首次认定足球起源于_________吗？","德国","中国","法国","澳大利亚"
"151","3","所谓红木家具主要是指用紫檀木、酸枝木、乌木，瘿木、花梨木、鸡翅木制成的家具，除此之外的木材制作家具都不能称为红木家具，其中_________是红木中的极品。","酸枝木","香红木","紫檀木","鸡翅木"
"152","4","现在的电影事业发展越来越快，可是你知道中国的第一部彩色故事片是下面的哪一部吗？","《祈祷》","《新龙门客栈》","《青春岁月》","《祝福》"
"153","2","欧盟，一个由多个发达国家组成的联合体，在世界经济中起到了举足轻重的作用。欧元的发行在欧盟历史上是一个关键性的时刻，它进一步促进了欧洲一体化的进程。请问，在欧元制定过程中起到重要作用，被誉为“欧元之父”的是谁？","约翰·斯图亚特·密尔","曼德尔（蒙代尔）","大卫·李嘉图","亚当·斯密 "
"154","1","一年一度的中关村电脑节已经成为中国IT企业展示实力及引领中国IT产业发展潮流的盛会，并越来越受到国内外的关注。你知道在2002年9月举行的是第_________届中关村电脑节吗？","五","六","七","八"
"155","3","贝多芬出身于_________国的平民家庭，他信仰共和，崇尚英雄，创作了大量充满时代气息的优秀作品，如交响曲《命运》；序曲《哀格蒙特》；钢琴奏鸣曲《月光》等。","英","美","德","法"
"156","2","1970年4月_________日，在美国爆发了有2000万人参加的公民环保运动，这一天被命名为世界地球日。","25","22","23","24"
"157","2","你知道下面哪位是《战争与和平》的作者吗？","小仲马","列夫.托尔斯泰","罗伯特·勃朗宁","大仲马"
"158","4","小姐原是尊称还是贱称？","尊称","都是","都不是","贱称"
"159","3","在约会或赴宴前多少分钟抹香水，是“喷香水的最佳时间”？","30分钟以上","5分钟","20-30分钟","15—20分钟"
"160","2","中国政策科学研究会铅防治问题研究组副组长苏银琥介绍，早在3年前，国际消除儿童铅中毒联盟的专家就告诫说，中国如不进行儿童铅中毒的防治，20年后中国人平均智力将比美国人低_________%。","8","5","6","7"
"161","1","“东来顺”始建于公元_________年，距今已有近百年的历史，以经营独具民族特色的涮羊肉而驰名海内外，并逐步发展为集涮、炒、爆、烤四大系列200多个品种于一体的清真菜肴体系。","1903年","1904年","1905年","1906年"
"162","1","第一位三次捧走世界杯的球员是巴西的贝利，他参加了四届世界杯比赛，他带领巴西队在_________年、1962年、1970年三次夺冠。","1958年","1954年","1966年","1974年"
"163","4","按照我国有关法规，股份有限公司注册资本的最低限额为人民币_________万元。","5000","10000","100000","1000"
"164","2","世界上第一个足球协会--英格兰足球协会的成立标志着现代足球运动的诞生，请问它成立的时间是_________年？","1866年","1863年","1864年","1865年"
"165","1","中国女篮在奥运会上的最好成绩是第几名？","第二名","第一名","第三名","第四名"
"166","4","“美国的国球”之一的_________运动是美国人十分喜爱的运动。1846年6月，在纽约的霍普肯举行了这项运动的第一次比赛。","足球","篮球","桌球","棒球"
"167","4","随着娱乐业的发展，电影节应运而生，每个国家都有自己的电影节，你知道世界上第一个电影节是_________电影节吗？","非洲","香港","台湾","威尼斯"
"168","2","制造出全球第一台PC的IBM公司将谁称为“现代PC之父”，这是因为他改变了一个行业以及计算机使用者的思考方式。","蒂姆·伯纳斯","艾伦","约翰·麦卡锡","帕特森"
"169","4","中国内地已成为全球体育用品最大的生产基地，国际市场上有百分之多少的体育用品在中国制造？","0.5","0.6","0.7","0.65"
"170","4","“纳奥米坎贝尔”这位活跃在世界T型舞台上的黑人姑娘，被誉为什么？","黑玫瑰","黑宝石","非洲玉","黑珍珠"
"171","1","你知道电影《英雄》是哪位导演的作品吗？","张艺谋","陈凯歌","冯小刚","冯小宁"
"172","3","睡莲也被叫做“水百合”、“子午莲”，它象征着纯洁与纯真，也象征着清净，您知道哪个国家将睡莲作为国花吗？","德国","印度","泰国","法国"
"173","1","北约组织21日举东扩会议，会议决定把保加利亚、罗马尼亚、斯洛伐克、斯洛文尼亚、爱沙尼亚、拉脱维亚和立陶宛7个中东欧国家列入北约，北约成员国增加到_________个。","26","27","28","29"
"174","1","X射线是哪国人发现的？","德国","美国","英国","法国"
"175","1","_________年3月18日，《中国人民银行法》颁布，从而确立了中国人民银行作为我国的中央银行的法律地位。","1995","1996","1997","1998"
"176","3","做梦与睡眠一样必要，缩短做梦时间会引起猜疑、偏执、忧虑、急躁、幻觉、个性分裂、食欲加大及体重_________等现象。","脱水","浮肿","增加","减轻"
"177","3","随着潮流走向和来自时装设计师的灵感，服装发展已经走向多元化的道路，复古、波西米亚、波普文化的浪潮席卷而来，你知道服装史上的什么时期是典型的浪漫主义时期吗？","1975—1998年","1985—2007年","1852－1882年","1935—1967年"
"178","1","1930年5月，波音公司开始启用“空中小姐”，“空中小姐”一词也由此进入吉尼斯世界大全的航空篇。新中国成立后，正式招收的第一批空中小姐是在哪年的年底？","1955年","1956年","1957年","1958年"
"179","3","经过今人整理的著名英雄史诗《江格尔》有十三章和十五章本，每一章讲述一段完整的故事，具有说唱艺术的特点。请问《江格尔》是我国哪个民族的作品？","维吾尔族","傣族","蒙古族","藏族"
"180","2","大家称老张今年为“耳顺之年”，你知道“耳顺”代指多少岁吗？","九十","六十","七十","八十"
"181","1","啤酒的最佳饮用温度是多少摄氏度？","8-10度","5—15度","10—12度","20—22度"
"182","1","唐代魏征在《道观内柏树赋》中写道“涉青阳不增其华，历玄英不减其翠”。请问“玄英”是哪个季节的别称？","冬","春","夏","秋"
"183","4","上海成功获得2010年世博会的主办权，你知道德国汉诺威主办的2000年世博会的主题是下列哪个吗？","城市,让生活更美好","进步的世纪","通过竞争获取和平","人类-自然-科技-发展"
"184","4","现代人们所熟悉的蒸馏酒分为白酒、白兰地、威士忌、伏特加酒、兰姆酒等。白酒一般是粮食酿成后经蒸馏而成的，白兰地是葡萄酒蒸馏而成的，你知道兰姆酒是下列哪种原料经蒸馏而成的吗？","蜂蜜","苹果","葡萄","甘蔗"
"185","4","世界上平均海拔最高的洲是？","美洲","亚洲","非洲","南极洲"
"186","4","哪个国家有“万塔之国”的称号？","泰国","印度","柬埔寨","缅甸"
"187","3","哪个国家有“千湖国”的称号？","印度","俄国","芬兰","纽约"
"188","3","哪个国家有“铜矿之国”的称誉？","瑞士","雅典","智利","法国"
"189","4","哪个国家有热带雨林？","希腊","英国","荷兰","马来西亚"
"190","2","哪个国家的人口仅次于中国？","韩国","印度","美国","英国"
"191","4","哪个国家的人实现了人类首次环球飞行？","英国","法国","德国","美国"
"192","1","哪个国家的军队组织的军事史上的步兵首次刺刀冲锋？","法国","中国","俄国","德国"
"193","1","哪个国家的军队首次空投炸弹？","奥地利","荷兰","芬兰","瑞典"
"194","1","哪个国家的军队首次进行飞机轰炸？","意大利","法国","韩国","美国"
"195","1","哪个国家的君主在推翻帝制的革命中被送上断头台？","法国","挪威","英国","德国"
"196","1","哪个国家的国旗有“太极旗”之称？","韩国","缅甸","希腊","芬兰"
"197","2","哪个国家的垃圾产量居世界第一？","韩国","美国","中国","英国"
"198","1","哪个国家的天文工作者创造性地改进了认证类星体的方法？","中国","日本","韩国","德国"
"199","3","哪个国家的法官没有参加东京审判？","德国","英国","挪威","法国"
"200","3","埃及地处非洲的？","西部","中部","东北部","南部"
"201","1","哪个国家的版图横跨欧亚大陆？","土耳其","雅典","意大利","瑞士"
"202","2","哪个国家的首都是安卡拉？","瑞士","土耳其","雅典","意大利"
"203","4","哪个国家研制的第一支现代喷火器是？","法国","日本","英国","德国"
"204","2","哪个国家获得第二届世界杯足球赛的冠军？","韩国","意大利","德国","法国"
"205","1","哪个国家被称为“城堡之国”？","英国","挪威","韩国","日本"
"206","4","哪个城市最早使用地铁？","东京","首尔","北京","伦敦"
"207","3","哪个城市有“塞外江南”之称？","伊熁 ","赤峰","伊犁","博湖"
"208","1","哪个城市有“鱼米之乡”的号称？","无锡","杭州","苏州","湖州"
"209","2","猴子互相抓背,在彼此的身上抓什么吃?","树的种子","盐粒","虱子","跳蚤"
"210","1","哪个城市被称作“草原钢城”？","包头","乌兰浩特","通辽","鄂尔多斯"
"211","2","哪个是理性主义的哲学家？","罗素","笛卡儿","海德格尔","尼采"
"212","2","哪个朝代不在北京建都？","清","宋","元","明"
"213","4","哪个朝代与唐朝的宦官专权类似？","西汉","唐","宋","东汉"
"214","1","哪个朝代是中国最后一个皇朝？","清","元","明","唐"
"215","1","哪个朝代没有修过长城？","唐","秦","汉","明"
"216","2","哪个朝代称面条为冷淘？","明朝","唐朝","元朝","宋朝"
"217","3","哪个条约的签署标志着甲午战争结束？","天津条约","北京条约","马关条约","辛丑条约"
"218","4","哪个条约签定标志着中国完全沦为半殖民地半封建社会？","马关条约","天津条约","北京条约","辛丑条约"
"219","1","哪个欧洲国家首先推翻封建制度？","英国","法国","美国","德国"
"220","2","哪个民族建立的北魏？","朝鲜族","鲜卑族","女真族","蒙古族"
"221","4","哪个水果是“水果之王”，其维生素C含量极高？","苹果","鸭梨","葡萄","弥猴桃"
"222","4","哪个法国国王曾说过“朕即国家”？","威廉","路易十五","路易十八","路易十四"
"223","2","哪个法国皇帝被送上断头台？","路易十八","路易十六","路易十四","路易十五"
"224","3","哪个洲人口超过一亿的国家最多？","美洲","大洋洲","亚洲","非洲"
"225","3","哪个洲平均海拔最高？","美洲","大洋洲","南极洲","非洲"
"226","1","哪个洲是世界上最小的？","澳洲","南美洲","北极洲","北美洲"
"227","2","“星垂平野阔，月涌大江流”是谁的诗句？","李商隐","杜甫","李白","白居易"
"228","3","哪年被称为“非洲独立年”？","1940年","1930年","1960年","1950年"
"229","2","哪个皇帝下令停止屠杀基督徒？","屋大维","君士坦","尼禄","凯撒"
"230","3","哪个省处于青藏、黄土、内蒙古高原的接触地带？","云南","江西","甘肃","贵州"
"231","2","哪个省的地方戏是“黄梅戏”？","上海","安徽","绍兴","云南"
"232","2","哪个省的少数民族最多？","西藏","云南","江西","湘西"
"233","3","哪个科学家提出“相对论”？","牛顿","伽利略","爱因斯坦","爱迪生"
"234","2","以下不是东北三省的省会的是？","辽宁","大连","黑龙江","吉林"
"235","1","哪个美国总统废除黑奴制度？","林肯","奥巴马","华盛顿","布什"
"236","2","哪个美国总统提出将星条旗永不落作为国歌？","麦迪逊","威尔逊","林肯","门罗"
"237","3","哪个部位是最易出现皱纹的地方？","足部","脸部","眼部","手部"
"238","2","哪个非金属不是绝缘体？","锡","石墨","铜","铝"
"239","3","哪个音乐家有“乐圣”之称?","巴赫","舒伯特","贝多芬","莫扎特"
"240","1","“萨拉热窝事件”是第一次世界大战的导火线，它发生在？","1914年","1915年","1916年","1917年"
"241","1","哪个音乐家有歌曲王之称?","舒伯特","贝多芬","莫扎特","巴赫"
"242","2","哪个音乐家有音乐神通之称?","巴赫","莫扎特","舒伯特","贝多芬"
"243","3","哪个风景区在北京？","泰山","西湖","八达岭","太湖"
"244","1","哪个高原面积占中国总面积的四分之一？","青藏高原","内蒙古高原","黄土高原","云贵高原"
"245","1","哪个鱼没有鱼鳞？","九肚鱼","鳊鱼","草鱼","鲢鱼"
"246","4","哪种鸟类是不筑巢不育雏的?","画眉","鹦鹉","喜鹊","杜鹃"
"247","4","哪些人忌吃鸡蛋？","肠胃炎","肝脏病","心脏病","腹泻"
"248","2","江西的省会城市是哪里？","九江","南昌","赣州","乐平"
"249","3","下列哪些元素属于金属元素？","钙","钠","铝","钾"
"250","1","下列哪些元素属于非金属元素？","氦","氢","氧","氟"
"251","2","科学技术是第一生产力是由谁提出来的？","江泽民","邓小平","毛泽东","周恩来"
"252","3","哪些病人需要忌盐？","心脏病","肺炎","肾炎","肝炎"
"253","4","哪位人物拥有无字碑？","慈禧太后","唐太宗","明太祖","武则天"
"254","4","哪位人物的字是永叔？","苏轼","李白","王安石","欧阳修"
"255","2","哪位古代科学家发明了“混天仪”来预测地震？","李治","张衡","莘七娘","蔡伦"
"256","1","惠山在哪个城市？","无锡","苏州","淮阳","潍坊"
"257","3","《自京赴奉先县咏怀五百字》是哪位诗人的名作？","李白","白居易","杜甫","杜牧"
"258","3","哪种味道并非由味觉细胞所感受？","苦","甜","辣","酸"
"259","4","哪位唐代诗人被后人称为“鬼才”？","李白","杜甫","杜牧","李贺"
"260","2","哪位太平天国的将领战死在大渡河？","洪仁干","石达开","陈玉成","李秀成"
"261","4","被称为“雷城”的是哪个国家的哪个城市？","中国雷州","英国伦敦","德国伊斯坦丁堡","印度尼西亚茂物"
"262","4","哪位画家发表了“现实主义宣言”？","徐悲鸿","张大千","齐白石","库尔贝"
"263","3","哪位科学家发明了留声机？","牛顿","伽利略","爱迪生","爱因斯坦"
"264","3","哪位科学家被公认为是“力学之父”？","爱因斯坦","伽利略","牛顿","爱迪生"
"265","2","哪位科幻作家被称为中国科幻之父？","吴岩","郑文光","柳文扬","李健敏"
"266","1","哪位美国华裔男子网球手曾经赢得法国公开赛？","张德培","朱本强","张泽","王钰"
"267","4","全能比赛是田径比赛中对运动员要求最高的项目，女子为七项，男子为十项，你知道七项全能包括100米栏，跳高，200米，标枪，跳远，800米和_________？","1500米","标枪","网球","铅球"
"268","4","哪位著名音乐家被称为“交响乐之父”？","贝多芬","舒马赫","莫扎特","海顿"
"269","4","哪位被称为王荆公？","王羲之","王献之","王莽","王安石"
"270","4","哪位诗人有“诗佛”之称？","李白","杜甫","苏轼","王维"
"271","3","哪位诗人被誉为中国山水诗的鼻祖？","杜甫","王维","谢灵运","李白"
"272","2","世界第一长河是？","印度河","尼罗河","黄河","多瑙河"
"273","3","在食品旁边，或在肉上放一些什么，苍蝇就不会爬上去？","生姜","八角","花椒","大蒜"
"274","2","哪支球队在中国足球联赛中获得过双冠王？","深圳健力宝","山东鲁能","上海申花","武汉光谷"
"275","4","哪吒的故乡陈塘关是现在的____","关东","嘉义","泉州","宜宾"
"276","3","哪国人发明了望远镜？","芬兰","法国","荷兰","挪威"
"277","3","哪国人最先制作出了牛奶巧克力？","英国","美国","法国","德国"
"278","3","诸子百家中对认识论、逻辑学、几何学、力学、光学等都一定贡献的是？","法家","儒家","墨家","道家"
"279","1","哪国选手创造的历史上第一个10000米跑的世界纪录？","法国","德国","中国","英国"
"280","3","哪场战役使希特勒失去了大西洋的控制权？","太平洋战役","珍珠港战役","大西洋战役","诺曼地战役"
"281","1","哪天称为日本投降日？","8月15日","8月16日","8月17日","8月18日"
"282","2","哪种地表特征反射太阳能最强？","沙漠","雪","雨","矿产"
"283","4","哪种地貌被称作“地球之肾”？","沙漠","绿洲","盆地","湿地"
"284","3","哪种天体的引力能够引起潮汐？","金星","火星","月球","太阳"
"285","1","哪种天体的运行轨道在火星和木星之间？","小行星带","银河星带","大行星带","彗星带"
"286","4","国土面积最大的国家是哪国?","中国","美国","英国","俄罗斯"
"287","1","哪种岩层可找到化石？","沉积岩","变质岩","气泡岩","熔浆岩"
"288","2","哪种恐龙属食草性？","锡龙","剑龙","雷龙","速龙"
"289","2","哪种昆虫的血压和人一样高？","蜻蜓","蜘蛛","蜜蜂","蝴蝶"
"290","1","发烧时不宜喝什么饮料？","浓茶","果汁","咖啡","酒"
"291","3","哪种是可再生资源？","原子能","碳能","潮汐能","水能"
"292","4","猪心情很好时尾巴会呈什么形状？","圈起来","向上翘起","向下低垂","水平摆动"
"293","3","哪座佛教名山相传为观音菩萨的道场____","九华山","峨眉山","普陀山","五台山"
"294","1","哪座城市是台湾第一大城市?","台北市","台南市","新竹市","高雄市"
"295","4","世界上最大的群岛国家是？","马德拉群岛","布里俄尼群岛","马绍尔群岛","印度尼西亚"
"296","4","哪座山峰被称为“欧洲的屋脊”？","阿尔卑斯山","大高加索山","少女峰","勃朗峰"
"297","4","哪座山是香港最高的山?","大屿山","九华山","普陀山","大帽山"
"298","3","哪座港口是台湾第一大港口?","陵南港","日月港","高雄港","新竹港"
"299","4","哪座纵贯南北的山脉为台湾的分水岭？","日月山脉","高雄山脉","大岛山脉","中央山脉"
"300","4","中国第一套销量超过100万套的国产软件是？","瑞星","江民","诺顿","金山毒霸"
"301","3","哪个朝代的帝王姓爱新觉罗？","宋","唐","清","明"
"302","4","哪本不是古龙的作品？","苍穹神剑","多情剑客无情剑","绝代双骄","牧野流星"
"303","4","哪本中国古典名著中出现了一百零八条好汉？","《红楼梦》","《三国演义》","《西游记》","《水浒传》"
"304","1","哪本是大仲马的作品？","《基度山伯爵》","《茶花女》","《马尔戈王后》","《三个火枪手》"
"305","1","哪本是马克思的著作？","《资本论》","《黑格尔法哲学批判》","《德意志意识形态》","《经济学哲学》"
"306","2","哪本著作不是“四书”之一？","《孔子》","《庄子》","《论语》","《老子》"
"307","3","哪条河拥有“东方多瑙河”的美称?","长江","淮河","湄公河","黄河"
"308","1","哪根手指的指甲长得最快？","中指","食指","大拇指","小拇指"
"309","4","哪次战役奠定了曹操统一北方的基础?","赤壁战役","彝陵之战","逍遥津之战","官渡之战"
"310","2","哪次战役是太平洋战场的转折点?","珍珠港战役","中途岛海战","诺曼地战役","地中海战役"
"311","3","哪种不是游泳比赛中的泳式？","仰泳式","潜泳式","狗仔式","蝶泳式"
"312","1","哪种不是铜乐器？","伸缩号","大提琴","长号","短号"
"313","4","中国第一个朝代是那个朝？","商","周","秦","夏"
"314","4","诗佛是指谁？","李白","杜甫","李贺","王维"
"315","3","哪种东西不可食用？","泡面","肉包","观音土","八宝饭"
"316","2","哪种乐器被称为西洋乐器之后?","长号","小提琴","钢琴","萨克士风"
"317","3","哪种乐曲形式是富于戏剧性的大型管弦乐套曲？","民乐","打击乐","交响乐","管玄月"
"318","3","哪种元素在地壳中含量最高？","碳","氢","氧","氟"
"319","3","哪种元素放在冷水中会爆炸？","锌","硒","钙","铁"
"320","4","哪种元素最活跃？","铁","锌","硒","钙"
"321","3","哪种动物不属于候鸟?","大雁","燕子","麻雀","喜鹊"
"322","1","哪种动物在印度忌食，因其被认为是神圣的东西？","牛","马","猪","羊"
"323","4","南方产量最大，分布最广的水果是？","苹果","橙子","菠萝","柑橘"
"324","4","哪一种动物是软体动物？","青蛙","竹节虫","乌龟","蜗牛"
"325","2","哪一种动物的眼睛会一天三变？","乌龟","猫","狗","变色龙"
"326","2","哪一种动物被称为“沙漠之舟”？","牦牛","骆驼","鳄鱼","马"
"327","3","哪一年建立的上海证券交易所？","2000年","2008年","1990年","1995年"
"328","1","哪一年建立的深圳证券交易所？","1991年","1992年","1993年","1994年"
"329","4","哪一年新疆回民在陕甘回民反清斗争的影响下爆发了大规模的反清斗争？","1866年","1868年","1870年","1864年"
"330","3","哪一年沙俄出兵占领伊犁地区？","1873年","1874年","1871年","1872年"
"331","1","哪一年清政府与俄国签订了《北京条约》？","1860年","1870年","1880年","1890年"
"332","1","哪一年签定再保条约？","1887年","1888年","1889年","1890年"
"333","3","恐龙世界的短跑冠军是什么龙？","速龙","雷龙","鸵鸟龙","霸王龙"
"334","1","太阳到地球之间的距离？","15,000万公里","30，000万公里","40，000万公里","50，000万公里"
"335","2","以下哪个星座最靠近银河系的中心？","巨蟹座","天蝎座","双鱼座","狮子座"
"336","4","霸王龙生活在哪个时期？","冰河纪","玄武纪","侏罗纪","白垩纪"
"337","2","可可的种子生命最短，采摘后只能存活_____","35天","35小时","35分钟","35秒"
"338","1","世界第一长山脉是_____","安第斯山脉","喜马拉雅山脉","阿尔卑斯山脉","乌拉尔山脉"
"339","3","我国入世共谈了几年？","8年","20年","15年","5年"
"340","4","塞万提斯是哪国人？","西班牙","葡萄牙","法国","荷兰"
"341","2","解放战争初期山东战场的领导人是谁？","叶剑英","刘伯承","毛泽东","林彪"
"342","4","不是沿海的省是哪一个？","辽宁","江苏","附件","河南"
"343","2","圆舞曲起源于哪个国家？","法国","奥地利","匈牙利","意大利"
"344","3","西安事变发生在哪一年？","1931年","1940年","1936年","1945年"
"345","3","人体有多少块骨骼？","210","201","206","205"
"346","3","国际刑警组织所在地在哪个城市？","俄罗斯莫斯科","德国慕尼黑","法国里昂","英国伦敦"
"347","3","连续7个月最多有多少天？","210天","220天","215天","213天"
"348","1","济慈的《夜莺颂》共有","80行","40行","100行","200行"
"349","4","世界上最大的鸟是？","孔雀","大雁","企鹅","鸵鸟"
"350","4","“山重水复疑无路，柳暗花明又一村”是谁写的？","苏轼","欧阳修","李白","陆游"
"351","2","北宋是中国历史上以汉族为主体建立的封建王朝，建都_____","西安","开封","北京","南京"
"352","3","目前我国符合条件的失业人员领取失业保险金的最长期限为？","6个月","36个月","24个月","12个月"
"353","4","白头鹰是哪国的国鸟？","加拿大","英国","俄罗斯","美国"
"354","1","在地面上，普通人若不运动，每天至少需要多少水？","1公升","500毫升","3公升","2公升"
"355","3","我国古代哪位文学家曾两度到杭州做官？","欧阳修","李白","苏轼","苏东坡"
"356","3","现代足球运动的发源地是哪个国家？","德国","法国","英国","美国"
"357","1","最先发现石油的国家是哪个？","中国","俄罗斯","美国","英国"
"358","4","下面不是我国古代的四大美女的是_____","貂蝉","西施","杨玉环","赵飞燕"
"359","2","引起中毒的“煤气”中重要的有毒气体是?","氮气","一氧化碳","二氧化碳","氢气"
"360","3","2002年12月30日，由中国和哪国合建的磁浮列车在上海试运行?","日本","美国","德国","法国"
"361","2","超音速飞机“协和”是法国和哪个国家合作生产？","俄罗斯","英国","美国","德国"
"362","1","中国现存最古老的藏书阁在哪里？","宁波","上海","开封","西安"
"363","4","在我国北方四季常青的树是什么？","杨树","柏树","白蜡树","松树"
"364","4","阿拉伯人属于______","黑种人","黄种人","棕种人","白种人"
"365","4","澳大利亚的首都是哪个？","悉尼","纽约","伦敦","堪培拉"
"366","4","以下几个人体部份中，最早容易衷老的是？","皮肤","肌肉","心脏","骨胳"
"367","3","世界上最大的沙岛是_____","夏威夷岛","格陵兰岛","崇明岛","海南岛"
"368","1","《望夫云》是我国哪个民族的民间传说?","白族","彝族","满族","蒙古族"
"369","2","埃及艳后克莉奥佩脱拉是哪个国家的人？","意大利","希腊","埃及","伊朗"
"370","2","湖南湖北的“湖”是指_____","鄱阳湖","洞庭湖","太湖","洪泽湖"
"371","4","名画家“八大山人”是哪一时期的人物？","宋","元","明","清"
"372","2","世界上第一座核电站是哪个国家建成的？","法国","前苏联","美国","英国"
"373","2","目前已成为上海新的金融中心，工业中心和居住地的是？","崇明","浦东","浦西","黄埔"
"374","2","“三过家门而不人”是哪一历史人物的故事？","黄帝","禹","舜","尧"
"375","2","以下哪只球队没有进入2002年韩日世界杯？","中国","荷兰","巴西","意大利"
"376","3","正月初一吃饺子这一习俗从哪个朝代开始？","唐代","宋代","明代","清代"
"377","1","一个正规的羽毛球上应有多少根羽毛？","16","12","20","8"
"378","3","有赌城之称的是哪个城市？","纽约","伦敦","拉斯维加斯","东京"
"379","2","“生命诚宝贵，爱情价更高”的作者裴多菲是哪国人？","西班牙","匈牙利","奥地利","意大利"
"380","4","《醉花阴》“东蓠把酒黄昏后，有暗香盈袖，莫道不消魂，帘卷西风，人比黄花瘦。”是谁所作？","苏轼","欧阳修","辛弃疾","李清照"
"381","2","人类第一次发现南极上空出现臭氧空洞的时间是？","1965年","1985年","1995年","1975年"
"382","3","请问苏联是在什么时候解体的？","1989年12月","1990年12月","1991年12月","1993年12月"
"383","1","成吉思汗病逝于哪一年？","1227年","1127年","1327年","997年"
"384","4","明孝陵位于哪个地方？","北京","开封","西安","南京"
"385","4","日本最大港口是？","横滨","名古屋","东京","横滨"
"386","2","亚洲耕地面积最大的国家是？","日本","印度","中国","马来西亚"
"387","1","下列不是中国四大佛山的是？","嵩山","五台山","峨眉山","普陀山"
"388","2","四大碑林中的“陕西西安碑林”有多少碑石？","500多块","11700多块","1000多块","300000多块"
"389","2","下列典籍中不属于“四书”之中的是？","论语","墨子","大学","孟子"
"390","1","罗丹是伟大的_____","雕塑家","音乐家","作曲家","作家"
"391","3","哪个国家被称为咖啡之国?","美国","智利","巴西","印度"
"392","2","被称为“一夫当关，万夫莫开”的雁门关在_____","河北","山西","辽宁","内蒙古"
"393","3","鲁迅誉为“史家之绝唱，无韵之《离骚》”的著作是_____","《水浒传》","《西游记》","《儒林外史》","《三国演义》"
"394","3","人的心脏中心房和心室共有几个？","5个","6个","4个","3个"
"395","3","下面哪个国家不属于联合国安理会常任理事国？","美国","英国","德国","中国"
"396","1","中国历吏上第一个夺得奥运会金牌的运动员是？","许海峰","李宁","邓亚萍","刘国梁"
"397","1","哪个国家被称为花园之国?","新加坡","印度","新西兰","瑞士"
"398","3","下列国家煤、石油和铁矿都很丰富的是？","韩国","越南","中国","日本"
"399","4","被称为“活化石”的爬行动物是？","海龟","青蛙","蜥蜴","扬子鳄"
"400","2","女扮男装，替父从军的花木兰居于哪省？","湖北省","河南省","河北省","陕西省"
"401","3","《西厢记》的作者是？","柳宗元","韩愈","王实甫","陶渊明"
"402","4","法定节假日安排劳动者工作的，报酬不得低于工资的_____","1倍","10倍","5倍","3倍"
"403","2","世界第一大内流河是_____","尼罗河","伏尔加河","塔里木河","长江"
"404","2","开国大典时共放了多礼炮？","24","28","36","16"
"405","4","护士节为哪一天？","5月12日","6月1日","7月7日","10月1日"
"406","4","含维生素A最多的是?","牛肉","鸡肉","猪血","猪肝"
"407","2","郑和下西洋经过哪个地方？","英国","越南","日本","美国"
"408","4","冰球运动起源于_____","新西兰","冰岛","挪威","加拿大"
"409","4","古代著名的水利工程都江堰是谁设计的?","张衡","祖冲之","沈括","李冰"
"410","4","《全唐诗》是哪个时期的人编辑的？","元朝","明朝","宋朝","清朝"
"411","3","下面哪一位不是“唐宋八大家”?","欧阳修","柳宗元","范仲淹","苏轼"
"412","2","哪个不是法家的代表？","邓析","吕不韦","李斯","管仲"
"413","3","太阳系九大行星中，卫星数量仅次于土星的是_____","火星","地球","木星","水星"
"414","1","超市中可以买到不淘米，用它煮饭能防止下列哪一种营养成分的流失？","维生素B1","维生素A","维生素C","维生素E"
"415","4","下面哪个不是西安名胜？","华清池","兵马俑","大清真寺","普觉寺"
"416","3","世界上面积最大的淡水湖是？","密歇根湖","洞庭湖","苏必利尔湖","太湖"
"417","2","中国古代曾有多次的焚书事件，下列帝王焚书最多的是？","顺治","乾隆","康熙","雍正"
"418","4","被洪秀全封为“北王”的是？","萧朝贵","冯云山","石达开","韦昌辉"
"419","4","中国虽然不是双姓大国，但还是有不少双姓，请问以下哪个不是双姓？","欧阳","司徒","公孙","三台"
"420","2","被称为“诗仙”的中国诗人是？","欧阳修","李白","苏轼","白居易"
"421","2","中国稀土谷是哪里？","呼和浩特","包头","锡林浩特","乌鲁木齐"
"422","1","京剧是在何时形成的？","清朝","明朝","宋朝","元朝"
"423","4","郑成功收复台湾是在哪一年？","1538年","1840年","1690年","1662年"
"424","1","太阳系中体积最大的行星是哪个？","木星","水星","火星","地球"
"425","3","下列蔬菜中富含铁质营养的是？","芹菜","茼蒿","菠菜","油菜"
"426","1","美国第十六任总统是谁？","林肯","布什","罗斯福","华盛顿"
"427","2","以下哪个行星带有光环？","火星","土星","地球","水星"
"428","4","我国的中央银行是哪一个银行？","中国农业银行","中国建设银行","中国工商银行","中国人民银行"
"429","1","音乐城在哪个国家？","奥地利","意大利","法国","西班牙"
"430","2","宇航员在宇宙空间看到的地球颜色主要是_____","绿色","蓝色","黑色","白色"
"431","1","吉他有几根弦?","6根","5根","4根","7根"
"432","3","卢浮宫外广场上现代建筑金字塔是用什么制成的？","铁","铜","玻璃","金"
"433","1","世界上平均海拔最高的大洲是哪个大洲？","南极洲","南美洲","欧洲","非洲"
"434","3","桃园三结义的桃园是在谁的土地上？","刘备","曹操","张飞","关羽"
"435","2","香港组合BEYOND的主唱,黄家驹因故死于_____","1988年","1993年","2003年","1998年"
"436","4","下面哪一个不是成语“五毒俱全”的五毒?","蝎","蛇","蜈蚣","蜘蛛"
"437","4","印度妇女额上点红印是在结婚当天由谁用朱砂粉按上的？","父亲","母亲","女儿","丈夫"
"438","4","中国旅游涉外星级酒店中最高档的酒店是几颗星？","六颗","四颗","七颗","五颗"
"439","2","电报最早起源于_____","日本","美国","英国","德国"
"440","4","世界上最大的岛属于哪个国家？","挪威","加拿大","美国","丹麦"
"441","4","1月1日这一天出生的人属于_____","水瓶座","金牛座","双鱼座","摩羯座"
"442","4","哪个中国音乐家有人民音乐家之称？","李叔同","聂耳","贺绿汀","冼星海"
"443","3","最早的阿拉伯数字有几个？","11个","8个","10个","9个"
"444","4","被誉为中国海洋城的城市是？","广州","大连","上海","青岛"
"445","4","国产名酒具有特殊香味，著名的茅台酒属于下列哪种香型？","米香型","清香型","浓香型","酱香型"
"446","3","月球上的“海”实际上是?","高原","山丘","洼地","平原"
"447","2","科学家将生物发展的进程划分为几个代？","10个代","5个代","3个代","8个代"
"448","1","小提琴协奏曲《梁山泊与祝英台》是以哪一种戏剧唱腔为写作素材的？","越剧","京剧","黄梅戏","昆曲"
"449","2","历史上曾有的“风声雨声读书声声声入耳，家事国事天下事事事关心”对联是在_____","应天府书院","东林书院","岳麓书院","白鹿洞书院"
"450","3","下面不是标准计量单位的是？","克","吨","斤","千克"
"451","2","不属于“四大西式快餐”的一项是哪一项？","汉堡包","麦当劳","汉堡包","热狗"
"452","1","现在我国实行九年义务教育，那么义务教育起源于_____","德国","美国","英国","日本"
"453","3","海豚是小型鲸类，人们习惯上将身长多少米作为鲸、豚的分界线？该身长以上的称为鲸，该米以下的称为豚?","3米","8米","5米","10米"
"454","3","下列哪一部作品不属于莎士比亚的“四大悲剧“？","《李尔王》","《哈姆莱特》","《罗密欧与朱丽叶》","《奥瑟罗》"
"455","1","世界上第一条用于商业运作的磁悬浮列车在哪个城市建成？","上海","广州","东京","纽约"
"456","1","正常成人体液约占机体总重量的？","60%","80%","20%","40%"
"457","3","98年世界杯谁是冠军？","巴西","英国","法国","意大利"
"458","1","哪个作家塑造了唐吉诃德这个形象?","塞万提斯","大仲马","小仲马","杰克.伦敦"
"459","1","哪个军阀控制江苏、江西、湖北地区?","直系","皖系","奉系","桂系"
"460","3","哪个半岛以出产石油著称？","巴尔干半岛","马来半岛","阿拉伯半岛","东南半岛"
"461","3","哪个国家不在巴尔干半岛上?","希腊","阿尔巴尼亚","意大利","保加利亚"
"462","4","哪个国家不是位于南美洲？","巴西","智利","乌拉圭","塞浦路斯"
"463","3","哪个国家位于尼罗河下游？","苏丹","尼日利亚","埃及","南非"
"464","3","梁启超和梁思成是什么关系？","朋友","叔侄","父子","兄弟"
"465","4","哪个国家发生地震的可能性最大_____","美国","蒙古","法国","日本"
"466","1","“明月几时有，把酒问青天。”是谁的词？","苏轼","欧阳修","李清照","李白"
"467","2","哪个国家最先完成第一条地下铁路？","日本","英国","美国","法国"
"468","4","哪个国家最早使用十进制计数法？","意大利","埃及","印度","中国"
"469","2","以下哪个NPC不在京城合芳斋里的？","小玲珑","小李探花","小尿布","小香花"
"470","1","锄头是在哪里买的？","杂货店","打铁铺","布店","武器店"
"471","3","游戏中搜索NPC的快捷键是什么？","Shift+J","Alt+Ctrl+J","Alt+J","Ctrl+J"
"472","3","游戏中“同伴”的快捷键是什么？","Ctrl+P","Shift+P","Alt+P","Alt+Ctrl+P"
"473","2","游戏中“宠物”的快捷键是什么？","Shift+O","Alt+O","Alt+Ctrl+O","Ctrl+O"
"474","3","游戏中“商城”的快捷键是什么？","Ctrl+N","Shift+N","Alt+N","Alt+Ctrl+N"
"475","2","游戏中“好友”的快捷键是什么？","Alt+Ctrl+F","Alt+F","Shift+F","Ctrl+F"
"476","2","新创建的角色出生在哪张地图？","无名岛","比武岛","恶人谷","京城"
"477","4","游戏中一共有多少个聊天频道？","5","8","10","7"
"478","4","游戏中一共可以创建几个角色？","2","4","5","3"
"479","4","京城太和殿中的御前侍卫有几个？","9","6","10","8"
"480","4","赵无极在京城的哪座建筑物中？","状元楼","赌场","吉祥客栈","望花楼"
"481","1","灯心草在哪个地图上的药店有卖？","京城的药店","无名岛的药店","龙门的药店","好汉庄的药店"
"482","2","以下哪个NPC不在无名岛上的？","阿莲","卜巨","燕南天","杨开泰"
"483","3","以下哪个小动物是无名岛阿莲丢失的？","小狼","小猪","小兔子","小老虎"
"484","1","在无名岛的无名岩洞中不会遇到以下哪个NPC？","粉燕子","天蚕教徒","杀手书生","黑衣人"
"485","4","以下哪个选项是打开大地图后不能使用的功能？","路线显示","全部显示","地方简介","自动寻路"
"486","3","三七在哪个地图上的药店有卖？","龙门的药店","好汉庄的药店","无名岛的药店","京城的药店"
"487","2","地黄在哪个地图上的药店有卖？","好汉庄的药店","无名岛的药店","京城的药店","龙门的药店"
"488","3","止血草在哪个地图上的药店有卖？","龙门的药店","好汉庄的药店","无名岛的药店","京城的药店"
"489","3","在游戏中“强行攻击指定目标”的快捷键是什么？","Shift+A","Ctrl+A","Alt+A","Alt+Ctrl+A"
"490","1","在游戏中“交易”的快捷键是什么？","Alt+X","Ctrl+X","Shift+X","Alt+Ctrl+X"
"491","2","在游戏中“给予”的快捷键是什么？","Alt+Ctrl+G","Alt+G","Ctrl+G","Shift+G"
"492","3","在游戏中打开“技能”栏的快捷键是什么？","Ctrl+V","Alt+Ctrl+V","Alt+V","Shift+V"
"493","3","在游戏中打开“物品”栏的快捷键是什么？","Ctrl+E","Alt+Ctrl+E","Alt+E","Shift+E"
"494","1","在游戏中打开“系统界面”的快捷键是什么？","Alt+S","Alt+Ctrl+S","Ctrl+S","Shift+S"
"495","3","三横三坚是什么字？","丰","土","田","心"
"496","2","1到100的100个数字中,共有多少个9字呢？","19","20","21","22"
"497","4","猴子每分钟能掰1个玉米，在果园里，一只猴子5分钟能掰几个玉米？","1","2","3","0"
"498","2","古代说的五胡指匈奴、羯、氐、羌和什么？","藏","鲜卑","蒙","朝"
"499","2","三国演义里“木牛流马”是谁制造的？","周瑜","诸葛亮","张飞","曹操"
"500","3","被称为“国际土木工程历史古迹”的是？","卢沟桥","安平桥","赵州桥","广济桥"
